Sec of Day,Hour,Min,Sec,Day of Week,To Station,Round,Lat,Long,isStop,Next Lat,Next Long,Abs Distance,Time to Next
42568,11,49,28,2,B,1,14.78918405,121.907888,0,15,121.5,0.4591469761,42808
42688,11,51,28,2,B,1,14.98957274,121.6015802,1,15,121.5,0.1021139764,42808
42808,11,53,28,2,C,1,14.99852347,121.4616027,1,14.5,121,0.6794134873,43048
42928,11,55,28,2,C,1,14.80152776,121.1011504,0,14.5,121,0.3180414993,43048
43048,11,57,28,2,D,1,14.33753419,121.0271312,0,14,121.5,0.5809769273,43288
43168,11,59,28,2,D,1,14.02198688,121.3533594,1,14,121.5,0.1482797326,43288
43288,12,1,28,2,A,1,14.04053533,121.6972111,0,14.5,122,0.5502625804,43648
43408,12,3,28,2,A,1,14.13501567,121.8417403,0,14.5,122,0.3978186716,43648
43528,12,5,28,2,A,1,14.27082306,121.9443849,0,14.5,122,0.2358285641,43648
43648,12,7,28,2,B,2,14.60338759,121.9891942,1,15,121.5,0.629771709,44128
43768,12,9,28,2,B,2,14.86749391,121.8390402,0,15,121.5,0.3640138649,44128
43888,12,11,28,2,B,2,14.99262315,121.5855712,1,15,121.5,0.08588857943,44128
44008,12,13,28,2,B,2,14.99978304,121.514728,1,15,121.5,0.01472956096,44128
44128,12,15,28,2,C,2,14.96307516,121.3114227,0,14.5,121,0.5580526091,44488
44248,12,17,28,2,C,2,14.83275326,121.126804,0,14.5,121,0.3560954671,44488
44368,12,19,28,2,C,2,14.7760757,121.0831281,0,14.5,121,0.2883193856,44488
44488,12,21,28,2,D,2,14.47149409,121.0008132,1,14,121.5,0.6866542745,44968
44608,12,23,28,2,D,2,14.45424279,121.0020981,1,14,121.5,0.6739753666,44968
44728,12,25,28,2,D,2,14.05835884,121.2655792,0,14,121.5,0.2415757512,44968
44848,12,27,28,2,D,2,14.00001677,121.4959054,1,14,121.5,0.004094654183,44968
44968,12,29,28,2,A,2,14.05279262,121.7236192,0,14.5,122,0.5257192947,45328
45088,12,31,28,2,A,2,14.31753478,121.9655174,0,14.5,122,0.1856949327,45328
45208,12,33,28,2,A,2,14.35318066,121.9779582,1,14.5,122,0.1484646661,45328
45328,12,35,28,2,B,3,14.67333316,121.9689943,0,15,121.5,0.5715477588,45688
45448,12,37,28,2,B,3,14.7391272,121.9391107,0,15,121.5,0.5107570866,45688
45568,12,39,28,2,B,3,14.9671867,121.6781477,0,15,121.5,0.1811444197,45688
45688,12,41,28,2,C,3,14.90657177,121.2089684,0,14.5,121,0.4571306063,45928
45808,12,43,28,2,C,3,14.63146693,121.0175931,1,14.5,121,0.1326388724,45928
45928,12,45,28,2,D,3,14.33083515,121.0294862,0,14,121.5,0.5751827137,46168
46048,12,47,28,2,D,3,14.07576199,121.2353831,0,14,121.5,0.2752489682,46168
46168,12,49,28,2,A,3,14.00165169,121.5406074,1,14.5,122,0.6777850971,46408
46288,12,51,28,2,A,3,14.21161684,121.9084546,0,14.5,122,0.3025647176,46408
46408,12,53,28,2,B,4,14.59227121,121.9914123,1,15,121.5,0.6385364461,46768
46528,12,55,28,2,B,4,14.75928373,121.9275184,0,15,121.5,0.4906284398,46768
46648,12,57,28,2,B,4,14.90333398,121.7955025,0,15,121.5,0.3109116024,46768
46768,12,59,28,2,C,4,14.99997342,121.4948441,1,14.5,121,0.7034515433,47368
46888,13,1,28,2,C,4,14.96808753,121.3242329,0,14.5,121,0.5694145438,47368
47008,13,3,28,2,C,4,14.9280774,121.2416403,0,14.5,121,0.491569207,47368
47128,13,5,28,2,C,4,14.75859377,121.0720639,0,14.5,121,0.2684472941,47368
47248,13,7,28,2,C,4,14.53069815,121.0009433,1,14.5,121,0.03071263358,47368
47368,13,9,28,2,D,4,14.33097794,121.0294349,0,14,121.5,0.5753068234,47728
47488,13,11,28,2,D,4,14.10213874,121.1971693,0,14,121.5,0.3195915138,47728
47608,13,13,28,2,D,4,14.01359883,121.3841816,1,14,121.5,0.1166140079,47728
47728,13,15,28,2,A,4,14.11361939,121.8173484,0,14.5,122,0.4273775526,48088
47848,13,17,28,2,A,4,14.30485305,121.9603452,0,14.5,122,0.1991352273,48088
47968,13,19,28,2,A,4,14.30961231,121.9623338,0,14.5,122,0.1940778608,48088
48088,13,21,28,2,B,5,14.69148867,121.9618789,0,15,121.5,0.555437965,48328
48208,13,23,28,2,B,5,14.95662207,121.7037064,0,15,121.5,0.2082736893,48328
48328,13,25,28,2,C,5,14.9654016,121.3172396,0,14.5,121,0.5632402915,48808
48448,13,27,28,2,C,5,14.86163966,121.1547222,0,14.5,121,0.3933474348,48808
48568,13,29,28,2,C,5,14.8437131,121.1368729,0,14.5,121,0.3699633513,48808
48688,13,31,28,2,C,5,14.65533596,121.0247414,1,14.5,121,0.1572939822,48808
48808,13,33,28,2,D,5,14.42598693,121.0055083,1,14,121.5,0.652676746,49408
48928,13,35,28,2,D,5,14.39648624,121.0108324,1,14,121.5,0.6296715306,49408
49048,13,37,28,2,D,5,14.07009333,121.2446958,0,14,121.5,0.2647514404,49408
49168,13,39,28,2,D,5,14.02838328,121.3339347,0,14,121.5,0.1684733874,49408
49288,13,41,28,2,D,5,14.00297615,121.4455272,1,14,121.5,0.05455407205,49408
49408,13,43,28,2,A,5,14.17102482,121.8765307,0,14.5,122,0.3513820498,50008
49528,13,45,28,2,A,5,14.17474102,121.8797454,0,14.5,122,0.3467773941,50008
49648,13,47,28,2,A,5,14.33410322,121.971676,0,14.5,122,0.1682973273,50008
49768,13,49,28,2,A,5,14.33849025,121.9731962,0,14.5,122,0.1637188014,50008
49888,13,51,28,2,A,5,14.41030521,121.9918891,1,14.5,122,0.09006077181,50008
50008,13,53,28,2,B,6,14.86430653,121.8424628,0,15,121.5,0.3683659415,50248
50128,13,55,28,2,B,6,14.98699213,121.6133078,1,15,121.5,0.1140520372,50248
50248,13,57,28,2,C,6,14.91255105,121.2175082,0,14.5,121,0.466377717,50488
50368,13,59,28,2,C,6,14.71533467,121.0487451,0,14.5,121,0.220782942,50488
50488,14,1,28,2,D,6,14.31761203,121.0344523,0,14,121.5,0.5635707892,50968
50608,14,3,28,2,D,6,14.3054518,121.0394015,0,14,121.5,0.5526769401,50968
50728,14,5,28,2,D,6,14.27004839,121.0560155,0,14,121.5,0.5196617987,50968
50848,14,7,28,2,D,6,14.03365924,121.3196495,0,14,121.5,0.1834645399,50968
50968,14,9,28,2,A,6,14.02514957,121.6565793,0,14.5,122,0.5860211086,51448
51088,14,11,28,2,A,6,14.0576033,121.7329918,0,14.5,122,0.5167284091,51448
51208,14,13,28,2,A,6,14.06666746,121.7494452,0,14.5,122,0.5005544971,51448
51328,14,15,28,2,A,6,14.41824889,121.9932715,1,14.5,122,0.08202753909,51448
51448,14,17,28,2,B,7,14.84325063,121.8635643,0,15,121.5,0.3959158586,51688
51568,14,19,28,2,B,7,14.97079976,121.6683674,0,15,121.5,0.1708807653,51688
51688,14,21,28,2,C,7,14.91719894,121.2244187,0,14.5,121,0.4737285185,51928
51808,14,23,28,2,C,7,14.70704295,121.0448811,0,14.5,121,0.2118515943,51928
51928,14,25,28,2,D,7,14.39555902,121.0110296,1,14,121.5,0.6289348332,52408
52048,14,27,28,2,D,7,14.20774967,121.0943034,0,14,121.5,0.4557956471,52408
52168,14,29,28,2,D,7,14.05483051,121.2723509,0,14,121.5,0.2341591579,52408
52288,14,31,28,2,D,7,14.03432107,121.3179474,0,14,121.5,0.1852594784,52408
52408,14,33,28,2,A,7,14.07496161,121.7633294,0,14.5,122,0.4864880345,52768
52528,14,35,28,2,A,7,14.32227527,121.9673478,0,14.5,122,0.1806993301,52768
52648,14,37,28,2,A,7,14.38800372,121.9872954,1,14.5,122,0.1127145654,52768
52768,14,39,28,2,B,8,14.69410516,121.9607854,0,15,121.5,0.5530776079,53008
52888,14,41,28,2,B,8,14.86784411,121.8386602,0,15,121.5,0.3635325159,53008
53008,14,43,28,2,C,8,14.99737272,121.4488104,1,14.5,121,0.6699331037,53488
53128,14,45,28,2,C,8,14.85044428,121.1433646,0,14.5,121,0.3786351816,53488
53248,14,47,28,2,C,8,14.78931673,121.0922061,0,14.5,121,0.3036546474,53488
53368,14,49,28,2,C,8,14.62632114,121.0162201,1,14.5,121,0.1273582432,53488
53488,14,51,28,2,D,8,14.49169338,121.000069,1,14,121.5,0.701208511,53968
53608,14,53,28,2,D,8,14.13307962,121.1603392,0,14,121.5,0.3648007946,53968
53728,14,55,28,2,D,8,14.0073838,121.4143888,1,14,121.5,0.08592906212,53968
53848,14,57,28,2,D,8,14.0003913,121.4802226,1,14,121.5,0.01978125457,53968
53968,14,59,28,2,A,8,14.11650238,121.8208264,0,14.5,122,0.4232890278,54208
54088,15,1,28,2,A,8,14.39281748,121.9883768,1,14.5,122,0.1078109037,54208
54208,15,3,28,2,B,9,14.74347973,121.9367123,0,15,121.5,0.5064782973,54448
54328,15,5,28,2,B,9,14.92815925,121.758224,0,15,121.5,0.2680312509,54448
54448,15,7,28,2,C,9,14.98985305,121.3997803,1,14.5,121,0.6322818148,54928
54568,15,9,28,2,C,9,14.93099397,121.2465356,0,14.5,121,0.4965235223,54928
54688,15,11,28,2,C,9,14.71649319,121.0492998,0,14.5,121,0.2220355074,54928
54808,15,13,28,2,C,9,14.54828643,121.002337,1,14.5,121,0.04834294785,54928
54928,15,15,28,2,D,9,14.31311274,121.0362402,0,14,121.5,0.5595647768,55408
55048,15,17,28,2,D,9,14.31302846,121.0362742,0,14,121.5,0.5594894651,55408
55168,15,19,28,2,D,9,14.18855416,121.108846,0,14,121.5,0.4342282301,55408
55288,15,21,28,2,D,9,14.08594223,121.2197213,0,14,121.5,0.2931590569,55408
55408,15,23,28,2,A,9,14.02591799,121.6588907,0,14.5,122,0.5840456455,55888
55528,15,25,28,2,A,9,14.13617144,121.8429705,0,14.5,122,0.3962694534,55888
55648,15,27,28,2,A,9,14.34787006,121.9762945,1,14.5,122,0.153965804,55888
55768,15,29,28,2,A,9,14.40748439,121.9913663,1,14.5,122,0.0929175902,55888
55888,15,31,28,2,B,10,14.56864106,121.995266,1,15,121.5,0.6567792206,56488
56008,15,33,28,2,B,10,14.72056935,121.9487195,0,15,121.5,0.5286120044,56488
56128,15,35,28,2,B,10,14.8533457,121.853761,0,15,121.5,0.3829547026,56488
56248,15,37,28,2,B,10,14.90110896,121.7985157,0,15,121.5,0.3144694538,56488
56368,15,39,28,2,B,10,14.98952576,121.6018063,1,15,121.5,0.1023437305,56488
56488,15,41,28,2,C,10,14.99001103,121.4005556,1,14.5,121,0.6328946194,56848
56608,15,43,28,2,C,10,14.90462648,121.2062698,0,14.5,121,0.4541693846,56848
56728,15,45,28,2,C,10,14.73499393,121.0586636,0,14.5,121,0.2422056127,56848
56848,15,47,28,2,D,10,14.30159999,121.0410475,0,14,121.5,0.5491811998,57328
56968,15,49,28,2,D,10,14.24586769,121.0693995,0,14,121.5,0.4958504708,57328
57088,15,51,28,2,D,10,14.14087062,121.152112,0,14,121.5,0.3753273467,57328
57208,15,53,28,2,D,10,14.0358743,121.3140233,0,14,121.5,0.1894051203,57328
57328,15,55,28,2,A,10,14.06001694,121.7375182,0,14.5,122,0.5123297572,57688
57448,15,57,28,2,A,10,14.31248898,121.9635079,0,14.5,122,0.1910289313,57688
57568,15,59,28,2,A,10,14.47349147,121.9992968,1,14.5,122,0.02651785711,57688
57688,16,1,28,2,B,11,14.69016538,121.9624253,0,15,121.5,0.5566279003,58168
57808,16,3,28,2,B,11,14.82799961,121.8773808,0,15,121.5,0.4147292949,58168
57928,16,5,28,2,B,11,14.8938766,121.8079955,0,15,121.5,0.3257658745,58168
58048,16,7,28,2,B,11,14.97802084,121.6466154,1,15,121.5,0.1482537157,58168
58168,16,9,28,2,C,11,14.95617733,121.2952996,0,14.5,121,0.5434147767,58768
58288,16,11,28,2,C,11,14.93354247,121.2509198,0,14.5,121,0.5009189905,58768
58408,16,13,28,2,C,11,14.85207656,121.1449759,0,14.5,121,0.3807570325,58768
58528,16,15,28,2,C,11,14.72882096,121.0554317,0,14.5,121,0.2354393913,58768
58648,16,17,28,2,C,11,14.60768798,121.0117344,1,14.5,121,0.1083254256,58768
56269,15,37,49,3,B,1,14.54348929,121.9981051,1,15,121.5,0.6756557657,56629
56389,15,39,49,3,B,1,14.72283895,121.9475967,0,15,121.5,0.5264608691,56629
56509,15,41,49,3,B,1,14.98828628,121.6075942,1,15,121.5,0.108229919,56629
56629,15,43,49,3,C,1,14.89367336,121.1917448,0,14.5,121,0.4378867044,57109
56749,15,45,49,3,C,1,14.82226804,121.117713,0,14.5,121,0.3430933519,57109
56869,15,47,49,3,C,1,14.55941808,121.0035431,1,14.5,121,0.05952361924,57109
56989,15,49,49,3,C,1,14.50688626,121.0000474,1,14.5,121,0.006886420037,57109
57109,15,51,49,3,D,1,14.16206574,121.1314889,0,14,121.5,0.4025738982,57469
57229,15,53,49,3,D,1,14.05140372,121.2791802,0,14,121.5,0.2267238819,57469
57349,15,55,49,3,D,1,14.0127627,121.3877511,1,14,121.5,0.112972124,57469
57469,15,57,49,3,A,1,14.06061342,121.7386199,0,14.5,122,0.5112535062,57709
57589,15,59,49,3,A,1,14.37654955,121.9845204,1,14.5,122,0.1244171724,57709
57709,16,1,49,3,B,2,14.54866413,121.9976262,1,15,121.5,0.6718153533,58069
57829,16,3,49,3,B,2,14.6730131,121.9691124,0,15,121.5,0.5718276795,58069
57949,16,5,49,3,B,2,14.94205747,121.7336347,0,15,121.5,0.2407125384,58069
58069,16,7,49,3,C,2,14.96588568,121.3184772,0,14.5,121,0.5643378169,58429
58189,16,9,49,3,C,2,14.83434453,121.1282289,0,14.5,121,0.3580906591,58429
58309,16,11,49,3,C,2,14.7083069,121.0454582,0,14.5,121,0.213209321,58429
58429,16,13,49,3,D,2,14.34724456,121.0239057,1,14,121.5,0.5892746021,58669
58549,16,15,49,3,D,2,14.06056592,121.2614676,0,14,121.5,0.2461014334,58669
58669,16,17,49,3,A,2,14.02706155,121.6622628,0,14.5,122,0.5811516083,58909
58789,16,19,49,3,A,2,14.35303792,121.9779144,1,14.5,122,0.148612343,58909
58909,16,21,49,3,B,3,14.50802041,121.9999357,1,15,121.5,0.7014125692,59509
59029,16,23,49,3,B,3,14.66512453,121.9719469,0,15,121.5,0.5786842539,59509
59149,16,25,49,3,B,3,14.87565776,121.8299716,0,15,121.5,0.3526219564,59509
59269,16,27,49,3,B,3,14.90796526,121.789075,0,15,121.5,0.3033722786,59509
59389,16,29,49,3,B,3,14.94975836,121.7184432,0,15,121.5,0.2241464766,59509
59509,16,31,49,3,C,3,14.93348251,121.2508155,0,14.5,121,0.5008148413,59869
59629,16,33,49,3,C,3,14.59778122,121.0096544,1,14.5,121,0.09825667771,59869
59749,16,35,49,3,C,3,14.57542113,121.0057211,1,14.5,121,0.0756378102,59869
59869,16,37,49,3,D,3,14.41258381,121.0077009,1,14,121.5,0.6423268726,60229
59989,16,39,49,3,D,3,14.05430783,121.2733759,0,14,121.5,0.2330404132,60229
60109,16,41,49,3,D,3,14.00040436,121.4798953,1,14,121.5,0.02010873479,60229
60229,16,43,49,3,A,3,14.02996586,121.6704931,0,14.5,122,0.5740269006,60589
60349,16,45,49,3,A,3,14.09873516,121.7983061,0,14.5,122,0.4491034376,60589
60469,16,47,49,3,A,3,14.44312709,121.9967549,1,14.5,122,0.05696541526,60589
60589,16,49,49,3,B,4,14.82436384,121.8805103,0,15,121.5,0.4190896816,60829
60709,16,51,49,3,B,4,14.99959742,121.5200603,1,15,121.5,0.0200643076,60829
60829,16,53,49,3,C,4,14.82183714,121.1173502,0,14.5,121,0.3425641821,61069
60949,16,55,49,3,C,4,14.55300179,121.0028171,1,14.5,121,0.05307660327,61069
61069,16,57,49,3,D,4,14.19510618,121.1037176,0,14,121.5,0.4417082532,61309
61189,16,59,49,3,D,4,14.00041122,121.4797257,1,14,121.5,0.0202784564,61309
61309,17,1,49,3,A,4,14.1642345,121.8704882,0,14.5,122,0.359877435,61549
61429,17,3,49,3,A,4,14.46554262,121.9988113,1,14.5,122,0.03447787928,61549
61549,17,5,49,3,B,5,14.84882011,121.8582241,0,15,121.5,0.3888185823,61789
61669,17,7,49,3,B,5,14.9969349,121.5552785,1,15,121.5,0.05536336348,61789
61789,17,9,49,3,C,5,14.97575334,121.346186,1,14.5,121,0.5883756939,62269
61909,17,11,49,3,C,5,14.85958181,121.1525796,0,14.5,121,0.3906144094,62269
62029,17,13,49,3,C,5,14.63207129,121.0177582,1,14.5,121,0.1332598131,62269
62149,17,15,49,3,C,5,14.50164429,121.0000027,1,14.5,121,0.001644288136,62269
62269,17,17,49,3,D,5,14.49280089,121.0000518,1,14,121.5,0.7019977871,62629
62389,17,19,49,3,D,5,14.29829639,121.0424897,0,14,121.5,0.5461651701,62629
62509,17,21,49,3,D,5,14.01798715,121.3670955,1,14,121.5,0.1341161777,62629
62629,17,23,49,3,A,5,14.02765137,121.6639718,0,14.5,122,0.5796793516,62989
62749,17,25,49,3,A,5,14.21733727,121.912434,0,14.5,122,0.2959155771,62989
62869,17,27,49,3,A,5,14.25563252,121.9362162,0,14.5,122,0.2525546308,62989
62989,17,29,49,3,B,6,14.70707043,121.9551064,0,15,121.5,0.5412296869,63349
63109,17,31,49,3,B,6,14.81680949,121.8868226,0,15,121.5,0.4280076058,63349
63229,17,33,49,3,B,6,14.95113704,121.7155815,0,15,121.5,0.2210496881,63349
63349,17,35,49,3,C,6,14.97790009,121.3529915,1,14.5,121,0.5941308625,63709
63469,17,37,49,3,C,6,14.84382914,121.1369828,0,14.5,121,0.3701118139,63709
63589,17,39,49,3,C,6,14.64114734,121.0203361,1,14.5,121,0.1426048044,63709
63709,17,41,49,3,D,6,14.34240771,121.0254848,0,14,121.5,0.5851561451,64069
63829,17,43,49,3,D,6,14.18771614,121.1095147,0,14,121.5,0.4332622068,64069
63949,17,45,49,3,D,6,14.0000131,121.4963805,1,14,121.5,0.003619524934,64069
64069,17,47,49,3,A,6,14.07539968,121.7640352,0,14.5,122,0.4857621161,64549
64189,17,49,49,3,A,6,14.15558509,121.8624615,0,14.5,122,0.3708617727,64549
64309,17,51,49,3,A,6,14.15654836,121.8633744,0,14.5,122,0.3696289692,64549
64429,17,53,49,3,A,6,14.30819848,121.961749,0,14.5,122,0.195578519,64549
64549,17,55,49,3,B,7,14.58376987,121.9929327,1,15,121.5,0.645158993,64909
64669,17,57,49,3,B,7,14.79574384,121.903157,0,15,121.5,0.4519470761,64909
64789,17,59,49,3,B,7,14.94396611,121.7299872,0,15,121.5,0.2367147957,64909
64909,18,1,49,3,C,7,14.97099637,121.3321834,0,14.5,121,0.5763535282,65269
65029,18,3,49,3,C,7,14.95526621,121.2932812,0,14.5,121,0.541554394,65269
65149,18,5,49,3,C,7,14.73954722,121.0611183,0,14.5,121,0.2472211947,65269
65269,18,7,49,3,D,7,14.27638348,121.0527913,0,14,121.5,0.5257218693,65509
65389,18,9,49,3,D,7,14.01512992,121.3779303,1,14,121.5,0.1230037216,65509
65509,18,11,49,3,A,7,14.00247297,121.5496675,1,14.5,122,0.6710681891,65989
65629,18,13,49,3,A,7,14.12183054,121.82709,0,14.5,122,0.415824491,65989
65749,18,15,49,3,A,7,14.19995146,121.8999636,0,14.5,122,0.3162853308,65989
65869,18,17,49,3,A,7,14.29723219,121.9570396,0,14.5,122,0.207268852,65989
65989,18,19,49,3,B,8,14.69012306,121.9624427,0,15,121.5,0.5566659112,66469
66109,18,21,49,3,B,8,14.70738711,121.9549622,0,15,121.5,0.5409370442,66469
66229,18,23,49,3,B,8,14.70961671,121.9539392,0,15,121.5,0.5388722383,66469
66349,18,25,49,3,B,8,14.97521541,121.655468,1,15,121.5,0.1574312092,66469
66469,18,27,49,3,C,8,14.99974729,121.484105,1,14.5,121,0.6957765764,66949
66589,18,29,49,3,C,8,14.994493,121.4259955,1,14.5,121,0.6526832961,66949
66709,18,31,49,3,C,8,14.87651725,121.1710095,0,14.5,121,0.4135329277,66949
66829,18,33,49,3,C,8,14.52241983,121.0005029,1,14.5,121,0.02242546877,66949
66949,18,35,49,3,D,8,14.48406684,121.0002539,1,14,121.5,0.6957491204,67309
67069,18,37,49,3,D,8,14.17008876,121.1242892,0,14,121.5,0.4124181883,67309
67189,18,39,49,3,D,8,14.00563093,121.425172,1,14,121.5,0.07503955226,67309
67309,18,41,49,3,A,8,14.13540889,121.8421598,0,14.5,122,0.397291082,67429
67429,18,43,49,3,B,9,14.51095332,121.99988,1,15,121.5,0.6993187276,67909
67549,18,45,49,3,B,9,14.63728877,121.9807825,1,15,121.5,0.6022551196,67909
67669,18,47,49,3,B,9,14.96387635,121.6865978,0,15,121.5,0.1900622189,67909
67789,18,49,49,3,B,9,14.99703548,121.5543667,1,15,121.5,0.05444744004,67909
67909,18,51,49,3,C,9,14.99616161,121.4381642,1,14.5,121,0.6619397619,68389
68029,18,53,49,3,C,9,14.80615898,121.1046942,0,14.5,121,0.3235648188,68389
68149,18,55,49,3,C,9,14.60656415,121.0114879,1,14.5,121,0.1071815748,68389
68269,18,57,49,3,C,9,14.56619058,121.0044006,1,14.5,121,0.06633669577,68389
68389,18,59,49,3,D,9,14.32687662,121.0309283,0,14,121.5,0.5717312472,68629
68509,19,1,49,3,D,9,14.11418182,121.181968,0,14,121.5,0.3379080041,68629
68629,19,3,49,3,A,9,14.00026894,121.5163972,1,14.5,122,0.6954155721,69109
68749,19,5,49,3,A,9,14.00515006,121.5715789,1,14.5,122,0.6545388604,69109
68869,19,7,49,3,A,9,14.2292999,121.9203825,0,14.5,122,0.2821657141,69109
68989,19,9,49,3,A,9,14.44771372,121.9972586,1,14.5,122,0.05235809494,69109
69109,19,11,49,3,B,10,14.85645265,121.8506302,0,15,121.5,0.3788764296,69349
69229,19,13,49,3,B,10,14.99293008,121.5837851,1,15,121.5,0.08408282808,69349
69349,19,15,49,3,C,10,14.9958036,121.4353565,1,14.5,121,0.6598154801,69709
52215,14,30,15,4,B,1,14.58802626,121.9921904,1,15,121.5,0.641851803,52695
52335,14,32,15,4,B,1,14.85620019,121.8508866,0,15,121.5,0.3792094546,52695
52455,14,34,15,4,B,1,14.91356829,121.7810005,0,15,121.5,0.2939927022,52695
52575,14,36,15,4,B,1,14.99596941,121.5633588,1,15,121.5,0.06348690058,52695
52695,14,38,15,4,C,1,14.82251757,121.1179235,0,14.5,121,0.3433999772,53055
52815,14,40,15,4,C,1,14.58779616,121.0077685,1,14.5,121,0.08813917871,53055
52935,14,42,15,4,C,1,14.57969192,121.0063917,1,14.5,121,0.07994783264,53055
53055,14,44,15,4,D,1,14.16537574,121.1284807,0,14,121.5,0.406664167,53175
53175,14,46,15,4,A,1,14.00178474,121.5422084,1,14.5,122,0.6766029703,53655
53295,14,48,15,4,A,1,14.02000603,121.6400207,1,14.5,122,0.599982773,53655
53415,14,50,15,4,A,1,14.09858763,121.7981075,0,14.5,122,0.4493244462,53655
53535,14,52,15,4,A,1,14.46728143,121.9989283,1,14.5,122,0.03273611312,53655
53655,14,54,15,4,B,2,14.83726401,121.8691246,0,15,121.5,0.4034054928,54015
53775,14,56,15,4,B,2,14.91394664,121.7804428,0,15,121.5,0.2933485293,54015
53895,14,58,15,4,B,2,14.92394279,121.7650896,0,15,121.5,0.2757847084,54015
54015,15,0,15,4,C,2,14.96663084,121.3204014,0,14.5,121,0.5660400899,54375
54135,15,2,15,4,C,2,14.87645412,121.1709372,0,14.5,121,0.4134455722,54375
54255,15,4,15,4,C,2,14.74249487,121.0627401,0,14.5,121,0.2504797004,54375
54375,15,6,15,4,D,2,14.45718542,121.0018365,1,14,121.5,0.6761548791,54975
54495,15,8,15,4,D,2,14.27757965,121.0521951,0,14,121.5,0.5268582829,54975
54615,15,10,15,4,D,2,14.16477519,121.1290225,0,14,121.5,0.4059250985,54975
54735,15,12,15,4,D,2,14.08998435,121.2138407,0,14,121.5,0.2999739205,54975
54855,15,14,15,4,D,2,14.00111989,121.466554,1,14,121.5,0.03346473606,54975
54975,15,16,15,4,A,2,14.00851987,121.5919091,1,14.5,122,0.6388199322,55335
55095,15,18,15,4,A,2,14.03384146,121.680821,0,14.5,122,0.5649593297,55335
55215,15,20,15,4,A,2,14.1785515,121.8829763,0,14.5,122,0.3420872357,55335
55335,15,22,15,4,B,3,14.63282901,121.9820337,1,15,121.5,0.6059463563,55575
55455,15,24,15,4,B,3,14.97526224,121.6553248,1,15,121.5,0.1572824326,55575
55575,15,26,15,4,C,3,14.96766314,121.3231069,0,14.5,121,0.5684248917,55935
55695,15,28,15,4,C,3,14.85198086,121.144881,0,14.5,121,0.3806324194,55935
55815,15,30,15,4,C,3,14.74581771,121.0645994,0,14.5,121,0.2541641838,55935
55935,15,32,15,4,D,3,14.43928124,121.0037005,1,14,121.5,0.6627829484,56295
56055,15,34,15,4,D,3,14.08229542,121.2251857,0,14,121.5,0.2868717853,56295
56175,15,36,15,4,D,3,14.04519685,121.2922644,0,14,121.5,0.2125955181,56295
56295,15,38,15,4,A,3,14.01788647,121.6325389,1,14.5,122,0.6061857334,56655
56415,15,40,15,4,A,3,14.07328032,121.7605961,0,14.5,122,0.4892892054,56655
56535,15,42,15,4,A,3,14.21990319,121.9141808,0,14.5,122,0.2929490575,56655
56655,15,44,15,4,B,4,14.62042079,121.9852822,1,15,121.5,0.6160999981,57015
56775,15,46,15,4,B,4,14.81038344,121.8919976,0,15,121.5,0.4354498372,57015
56895,15,48,15,4,B,4,14.98042275,121.6385423,1,15,121.5,0.1399187142,57015
57015,15,50,15,4,C,4,14.88403101,121.1798123,0,14.5,121,0.4240427668,57255
57135,15,52,15,4,C,4,14.62212678,121.0151443,1,14.5,121,0.1230621805,57255
57255,15,54,15,4,D,4,14.32754938,121.0306805,0,14,121.5,0.5723192996,57735
57375,15,56,15,4,D,4,14.28651593,121.0478667,0,14,121.5,0.5352718247,57735
57495,15,58,15,4,D,4,14.09142768,121.2117837,0,14,121.5,0.3023701117,57735
57615,16,0,15,4,D,4,14.00158037,121.4602775,1,14,121.5,0.03975388002,57735
57735,16,2,15,4,A,4,14.00005947,121.5077116,1,14.5,122,0.7016327023,58095
57855,16,4,15,4,A,4,14.15612291,121.8629718,0,14.5,122,0.3701731678,58095
57975,16,6,15,4,A,4,14.39383474,121.988599,1,14.5,122,0.1067756836,58095
58095,16,8,15,4,B,5,14.64970388,121.9770626,1,15,121.5,0.5918581911,58455
58215,16,10,15,4,B,5,14.8582066,121.8488381,0,15,121.5,0.3765546455,58455
58335,16,12,15,4,B,5,14.97695557,121.6500446,1,15,121.5,0.1518039146,58455
58455,16,14,15,4,C,5,14.99988603,121.4893248,1,14.5,121,0.6995175387,58935
58575,16,16,15,4,C,5,14.86787897,121.1613777,0,14.5,121,0.401718429,58935
58695,16,18,15,4,C,5,14.85972857,121.1527316,0,14.5,121,0.3908088759,58935
58815,16,20,15,4,C,5,14.82525123,121.1202479,0,14.5,121,0.3467678294,58935
58935,16,22,15,4,D,5,14.46165308,121.0014727,1,14,121.5,0.6794505704,59415
59055,16,24,15,4,D,5,14.18721315,121.1099175,0,14,121.5,0.4326813544,59415
59175,16,26,15,4,D,5,14.14359456,121.1493219,0,14,121.5,0.3789387273,59415
59295,16,28,15,4,D,5,14.02700254,121.3379093,0,14,121.5,0.1643244933,59415
59415,16,30,15,4,A,5,14.00434783,121.5657946,1,14.5,122,0.6589426372,59775
59535,16,32,15,4,A,5,14.21760503,121.9126174,0,14.5,122,0.2956055623,59775
59655,16,34,15,4,A,5,14.49798967,121.999996,1,14.5,122,0.002010331217,59775
59775,16,36,15,4,B,6,14.81425638,121.8888996,0,15,121.5,0.4309798395,59895
59895,16,38,15,4,C,6,14.99839867,121.4600155,1,14.5,121,0.6782443896,60375
60015,16,40,15,4,C,6,14.93137352,121.2471821,0,14.5,121,0.4971741216,60375
60135,16,42,15,4,C,6,14.81880439,121.1148198,0,14.5,121,0.3388507579,60375
60255,16,44,15,4,C,6,14.6903009,121.0376305,0,14.5,121,0.1939857933,60375
60375,16,46,15,4,D,6,14.47557543,121.0005969,1,14,121.5,0.689619773,60855
60495,16,48,15,4,D,6,14.46806424,121.0010209,1,14,121.5,0.6841522035,60855
60615,16,50,15,4,D,6,14.10146778,121.1980529,0,14,121.5,0.3185400721,60855
60735,16,52,15,4,D,6,14.02364518,121.348059,1,14,121.5,0.1537698806,60855
60855,16,54,15,4,A,6,14.00781479,121.5880552,1,14.5,122,0.6418292633,61335
60975,16,56,15,4,A,6,14.02568169,121.6581839,0,14.5,122,0.5846504179,61335
61095,16,58,15,4,A,6,14.3030394,121.9595721,0,14.5,122,0.2010668899,61335
61215,17,0,15,4,A,6,14.43963533,121.9963427,1,14.5,122,0.06047535547,61335
61335,17,2,15,4,B,7,14.63613069,121.9811117,1,15,121.5,0.6032158063,61695
61455,17,4,15,4,B,7,14.82317001,121.8815248,0,15,121.5,0.4205115778,61695
61575,17,6,15,4,B,7,14.99941691,121.5241403,1,15,121.5,0.02414734014,61695
61695,17,8,15,4,C,7,14.97444923,121.3422092,0,14.5,121,0.58498652,62055
61815,17,10,15,4,C,7,14.91085411,121.2150458,0,14.5,121,0.4637303024,62055
61935,17,12,15,4,C,7,14.63128746,121.0175442,1,14.5,121,0.1324545017,62055
62055,17,14,15,4,D,7,14.45150119,121.0023577,1,14,121.5,0.6719383821,62655
62175,17,16,15,4,D,7,14.41290129,121.0076446,1,14,121.5,0.6425739588,62655
62295,17,18,15,4,D,7,14.31994681,121.0335444,0,14,121.5,0.5656384135,62655
62415,17,20,15,4,D,7,14.18522434,121.1115205,0,14,121.5,0.4303769777,62655
62535,17,22,15,4,D,7,14.04543572,121.2917422,0,14,121.5,0.2131565627,62655
62655,17,24,15,4,A,7,14.00004132,121.5064277,1,14.5,122,0.7025470085,63255
62775,17,26,15,4,A,7,14.02220191,121.6473397,1,14.5,122,0.5938520783,63255
62895,17,28,15,4,A,7,14.05436065,121.726728,0,14.5,122,0.522754272,63255
63015,17,30,15,4,A,7,14.17055402,121.8761188,0,14.5,122,0.3519676282,63255
63135,17,32,15,4,A,7,14.34836503,121.9764523,1,14.5,122,0.1534524588,63255
63255,17,34,15,4,B,8,14.60586059,121.9886651,1,15,121.5,0.6278052303,63615
63375,17,36,15,4,B,8,14.89561729,121.8057564,0,15,121.5,0.3230831268,63615
63495,17,38,15,4,B,8,14.93484791,121.746794,0,15,121.5,0.2552490761,63615
63615,17,40,15,4,C,8,14.95815812,121.2997723,0,14.5,121,0.5475146404,63975
63735,17,42,15,4,C,8,14.83427526,121.1281666,0,14.5,121,0.3580036799,63975
63855,17,44,15,4,C,8,14.57102162,121.0050698,1,14.5,121,0.07120234367,63975
63975,17,46,15,4,D,8,14.20054953,121.0995884,0,14,121.5,0.4478275709,64215
64095,17,48,15,4,D,8,14.03102543,121.3266136,0,14,121.5,0.176140375,64215
64215,17,50,15,4,A,8,14.0773008,121.7670681,0,14.5,122,0.4826301587,64575
64335,17,52,15,4,A,8,14.11374083,121.8174962,0,14.5,122,0.4272046047,64575
64455,17,54,15,4,A,8,14.25023675,121.9331493,0,14.5,122,0.2585550187,64575
64575,17,56,15,4,B,9,14.53112317,121.9990304,1,15,121.5,0.6847458169,65055
64695,17,58,15,4,B,9,14.72577609,121.9461224,0,15,121.5,0.5236639289,65055
64815,18,0,15,4,B,9,14.76781571,121.9222259,0,15,121.5,0.4818550556,65055
64935,18,2,15,4,B,9,14.98077871,121.637302,1,15,121.5,0.1386408506,65055
65055,18,4,15,4,C,9,14.93135867,121.2471568,0,14.5,121,0.4971486397,65295
65175,18,6,15,4,C,9,14.62067036,121.0147798,1,14.5,121,0.1215721089,65295
65295,18,8,15,4,D,9,14.20286258,121.097869,0,14,121.5,0.4504026852,65655
65415,18,10,15,4,D,9,14.19127699,121.1066934,0,14,121.5,0.4373522496,65655
65535,18,12,15,4,D,9,14.01032706,121.3989039,1,14,121.5,0.101622164,65655
65655,18,14,15,4,A,9,14.00622797,121.5786714,1,14.5,122,0.6490983083,65895
65775,18,16,15,4,A,9,14.29578781,121.9563961,0,14.5,122,0.2088155149,65895
65895,18,18,15,4,B,10,14.75502559,121.930072,0,15,121.5,0.4949488926,66135
66015,18,20,15,4,B,10,14.98407421,121.6251885,1,15,121.5,0.1261974152,66135
66135,18,22,15,4,C,10,14.90137626,121.2018438,0,14.5,121,0.4492703428,66375
66255,18,24,15,4,C,10,14.67534728,121.0317551,0,14.5,121,0.1781994775,66375
66375,18,26,15,4,D,10,14.31116502,121.0370299,0,14,121.5,0.557821674,66735
66495,18,28,15,4,D,10,14.29635901,121.0433488,0,14,121.5,0.5443886539,66735
66615,18,30,15,4,D,10,14.00765966,121.4128163,1,14,121.5,0.0875195055,66735
66735,18,32,15,4,A,10,14.03832016,121.691968,0,14.5,122,0.5550062863,67095
66855,18,34,15,4,A,10,14.07985063,121.7710618,0,14.5,122,0.4784748502,67095
66975,18,36,15,4,A,10,14.32548277,121.9685549,0,14.5,122,0.1773275344,67095
67095,18,38,15,4,B,11,14.68004455,121.966459,0,15,121.5,0.5656460484,67575
67215,18,40,15,4,B,11,14.69579854,121.9600684,0,15,121.5,0.5515446105,67575
67335,18,42,15,4,B,11,14.94908989,121.7198142,0,15,121.5,0.2256326971,67575
67455,18,44,15,4,B,11,14.97410658,121.6588174,0,15,121.5,0.160914332,67575
67575,18,46,15,4,C,11,14.94826896,121.2785165,0,14.5,121,0.5277466364,67815
67695,18,48,15,4,C,11,14.59862288,121.009823,1,14.5,121,0.09911085783,67815
67815,18,50,15,4,D,11,14.45464217,121.0020616,1,14,121.5,0.6742715833,68175
67935,18,52,15,4,D,11,14.29251479,121.0450826,0,14,121.5,0.5408463615,68175
68055,18,54,15,4,D,11,14.00581303,121.4239787,1,14,121.5,0.07624322519,68175
68175,18,56,15,4,A,11,14.11737318,121.8218644,0,14.5,122,0.4220610929,68415
68295,18,58,15,4,A,11,14.2213483,121.9151545,0,14.5,122,0.2912825737,68415
36221,10,3,41,5,B,1,14.88137257,121.8233496,0,15,121.5,0.3444233246,36341
36341,10,5,41,5,C,1,14.99304587,121.4168991,1,14.5,121,0.6456772063,36701
36461,10,7,41,5,C,1,14.8319759,121.1261123,0,14.5,121,0.3551229506,36701
36581,10,9,41,5,C,1,14.7940991,121.0956416,0,14.5,121,0.3092597572,36701
36701,10,11,41,5,D,1,14.3242811,121.0318944,0,14,121.5,0.569456844,37061
36821,10,13,41,5,D,1,14.29424641,121.0442967,0,14,121.5,0.5424448422,37061
36941,10,15,41,5,D,1,14.05273171,121.2765026,0,14,121.5,0.2296338584,37061
37061,10,17,41,5,A,1,14.00313103,121.555868,1,14.5,122,0.6664323247,37541
37181,10,19,41,5,A,1,14.10223022,121.8029508,0,14.5,122,0.4439022189,37541
37301,10,21,41,5,A,1,14.16794825,121.8738203,0,14.5,122,0.3552177797,37541
37421,10,23,41,5,A,1,14.26898615,121.9434327,0,14.5,122,0.2378387134,37541
37541,10,25,41,5,B,2,14.71275404,121.9524773,0,15,121.5,0.5359533212,37781
37661,10,27,41,5,B,2,14.86996325,121.8363439,0,15,121.5,0.3606060891,37781
37781,10,29,41,5,C,2,14.99722745,121.447418,1,14.5,121,0.6688931303,38261
37901,10,31,41,5,C,2,14.82078712,121.1164695,0,14.5,121,0.3412763151,38261
38021,10,33,41,5,C,2,14.79330218,121.0950632,0,14.5,121,0.3083231695,38261
38141,10,35,41,5,C,2,14.68701844,121.0362931,0,14.5,121,0.1905074433,38261
38261,10,37,41,5,D,2,14.28763908,121.0473381,0,14,121.5,0.5363199414,38741
38381,10,39,41,5,D,2,14.26127134,121.0606725,0,14,121.5,0.5111470871,38741
38501,10,41,41,5,D,2,14.02094679,121.3567938,1,14,121.5,0.1447300538,38741
38621,10,43,41,5,D,2,14.00751835,121.4136182,1,14,121.5,0.08670839944,38741
38741,10,45,41,5,A,2,14.14967744,121.856755,0,14.5,122,0.3784772663,38981
38861,10,47,41,5,A,2,14.28549196,121.9516484,0,14.5,122,0.2198899089,38981
38981,10,49,41,5,B,3,14.62377217,121.9844383,1,15,121.5,0.6133741392,39341
39101,10,51,41,5,B,3,14.95296363,121.7117167,0,15,121.5,0.2168786894,39341
39221,10,53,41,5,B,3,14.9925491,121.5859964,1,15,121.5,0.08631862129,39341
39341,10,55,41,5,C,3,14.99981233,121.486302,1,14.5,121,0.6973535831,39821
39461,10,57,41,5,C,3,14.86668264,121.1600826,0,14.5,121,0.4001032303,39821
39581,10,59,41,5,C,3,14.64230109,121.0206771,1,14.5,121,0.1437954982,39821
39701,11,1,41,5,C,3,14.50636383,121.0000405,1,14.5,121,0.006363963722,39821
39821,11,3,41,5,D,3,14.35674469,121.0209615,1,14,121.5,0.5972810779,40061
39941,11,5,41,5,D,3,14.09733357,121.2035886,0,14,121.5,0.311983283,40061
40061,11,7,41,5,A,3,14.02214713,121.6471619,1,14.5,122,0.5940017453,40421
40181,11,9,41,5,A,3,14.15318005,121.860161,0,14.5,122,0.3739505785,40421
40301,11,11,41,5,A,3,14.41123631,121.9920579,1,14.5,122,0.08911828567,40421
40421,11,13,41,5,B,4,14.56536729,121.9957087,1,15,121.5,0.659266798,41021
40541,11,15,41,5,B,4,14.86173348,121.8451795,0,15,121.5,0.3718420578,41021
40661,11,17,41,5,B,4,14.90152484,121.797956,0,15,121.5,0.3138075197,41021
40781,11,19,41,5,B,4,14.90903806,121.787555,0,15,121.5,0.3015989804,41021
40901,11,21,41,5,B,4,14.9597338,121.6965829,0,15,121.5,0.2006643926,41021
41021,11,23,41,5,C,4,14.97791146,121.3530284,1,14.5,121,0.5941619631,41261
41141,11,25,41,5,C,4,14.78398163,121.088473,0,14.5,121,0.2974441935,41261
41261,11,27,41,5,D,4,14.32194325,121.0327786,0,14,121.5,0.5674004318,41621
41381,11,29,41,5,D,4,14.1296569,121.1640744,0,14,121.5,0.3600790239,41621
41501,11,31,41,5,D,4,14.05913593,121.2641211,0,14,121.5,0.2431788027,41621
41621,11,33,41,5,A,4,14.01525581,121.6225686,1,14.5,122,0.614354439,42101
41741,11,35,41,5,A,4,14.05419712,121.7264063,0,14.5,122,0.523061892,42101
41861,11,37,41,5,A,4,14.07788077,121.7679839,0,14.5,122,0.4816805242,42101
41981,11,39,41,5,A,4,14.4238487,121.994167,1,14.5,122,0.0763743696,42101
42101,11,41,41,5,B,5,14.62382354,121.9844252,1,15,121.5,0.6133322586,42701
42221,11,43,41,5,B,5,14.78510407,121.9107501,0,15,121.5,0.4635686943,42701
42341,11,45,41,5,B,5,14.82434308,121.880528,0,15,121.5,0.4191144473,42701
42461,11,47,41,5,B,5,14.8805036,121.8243717,0,15,121.5,0.3456825129,42701
42581,11,49,41,5,B,5,14.89079281,121.811899,0,15,121.5,0.3304651129,42701
42701,11,51,41,5,C,5,14.99951665,121.47802,1,14.5,121,0.6913899297,43181
42821,11,53,41,5,C,5,14.88384479,121.179589,0,14.5,121,0.4237794805,43181
42941,11,55,41,5,C,5,14.77267577,121.0808963,0,14.5,121,0.2844227262,43181
43061,11,57,41,5,C,5,14.51962169,121.0003852,1,14.5,121,0.01962546932,43181
43181,11,59,41,5,D,5,14.45661831,121.0018855,1,14,121.5,0.675735384,43421
43301,12,1,41,5,D,5,14.166029,121.1278933,0,14,121.5,0.407466561,43421
43421,12,3,41,5,A,5,14.00114032,121.5337493,1,14.5,122,0.682825496,43901
43541,12,5,41,5,A,5,14.08728795,121.7822566,0,14.5,122,0.4666298747,43901
43661,12,7,41,5,A,5,14.1685344,121.8743402,0,14.5,122,0.3544853098,43901
43781,12,9,41,5,A,5,14.22021041,121.9143884,0,14.5,122,0.2925945155,43901
43901,12,11,41,5,B,6,14.63916038,121.9802441,1,15,121.5,0.6006992774,44261
44021,12,13,41,5,B,6,14.93542365,121.7457768,0,15,121.5,0.2541187689,44261
44141,12,15,41,5,B,6,14.97204724,121.6648375,0,15,121.5,0.1671907851,44261
44261,12,17,41,5,C,6,14.90650164,121.2088705,0,14.5,121,0.4570234709,44621
44381,12,19,41,5,C,6,14.84534414,121.1384237,0,14.5,121,0.3720533533,44621
44501,12,21,41,5,C,6,14.6985376,121.041107,0,14.5,121,0.2027485204,44621
44621,12,23,41,5,D,6,14.25955738,121.0616082,0,14,121.5,0.509467741,44981
44741,12,25,41,5,D,6,14.0719136,121.2416552,0,14,121.5,0.2681671212,44981
44861,12,27,41,5,D,6,14.00536184,121.426972,1,14,121.5,0.07322456468,44981
44981,12,29,41,5,A,6,14.0264778,121.6605513,0,14.5,122,0.5826222328,45341
45101,12,31,41,5,A,6,14.32567189,121.9686253,0,14.5,122,0.1771289389,45341
45221,12,33,41,5,A,6,14.33779291,121.9729576,0,14.5,122,0.1644458369,45341
45341,12,35,41,5,B,7,14.63232237,121.982173,1,15,121.5,0.6063642724,45821
45461,12,37,41,5,B,7,14.79448885,121.9040746,0,15,121.5,0.4533333713,45821
45581,12,39,41,5,B,7,14.83340062,121.8726178,0,15,121.5,0.4081658676,45821
45701,12,41,41,5,B,7,14.99262181,121.5855789,1,15,121.5,0.08589638025,45821
45821,12,43,41,5,C,7,14.84672251,121.1397452,0,14.5,121,0.3738251285,45941
45941,12,45,41,5,D,7,14.48624177,121.0001893,1,14,121.5,0.6973103815,46301
46061,12,47,41,5,D,7,14.1418781,121.1510749,0,14,121.5,0.3766670995,46301
46181,12,49,41,5,D,7,14.02813579,121.3346393,0,14,121.5,0.1677372724,46301
46301,12,51,41,5,A,7,14.00066641,121.5258062,1,14.5,122,0.6886172802,46541
46421,12,53,41,5,A,7,14.22403836,121.9169474,0,14.5,122,0.2881883981,46541
46541,12,55,41,5,B,8,14.67932966,121.9667343,0,15,121.5,0.5662776144,46781
46661,12,57,41,5,B,8,14.90432277,121.7941481,0,15,121.5,0.3093173682,46781
46781,12,59,41,5,C,8,14.99528151,121.431471,1,14.5,121,0.656864538,47141
46901,13,1,41,5,C,8,14.81657742,121.1129874,0,14.5,121,0.3361360098,47141
47021,13,3,41,5,C,8,14.79487579,121.0962076,0,14.5,121,0.3101735654,47141
47141,13,5,41,5,D,8,14.48717897,121.0001644,1,14,121.5,0.6979820671,47501
47261,13,7,41,5,D,8,14.24522271,121.0697808,0,14,121.5,0.4951996645,47501
47381,13,9,41,5,D,8,14.00043813,121.479073,1,14,121.5,0.0209315701,47501
47501,13,11,41,5,A,8,14.08824076,121.7836447,0,14.5,122,0.4651400557,47861
47621,13,13,41,5,A,8,14.17454786,121.8795799,0,14.5,122,0.3470159888,47861
47741,13,15,41,5,A,8,14.37534476,121.9842118,1,14.5,122,0.1256510921,47861
47861,13,17,41,5,B,9,14.81575118,121.887687,0,15,121.5,0.4292421434,48101
47981,13,19,41,5,B,9,14.97992421,121.6402596,1,15,121.5,0.1416890781,48101
48101,13,21,41,5,C,9,14.98812912,121.391695,1,14.5,121,0.6258554447,48701
48221,13,23,41,5,C,9,14.88299573,121.1785746,0,14.5,121,0.4225809066,48701
48341,13,25,41,5,C,9,14.80719325,121.1054974,0,14.5,121,0.3248036225,48701
48461,13,27,41,5,C,9,14.75570654,121.0703325,0,14.5,121,0.2652027465,48701
48581,13,29,41,5,C,9,14.52489601,121.0006202,1,14.5,121,0.02490373249,48701
48701,13,31,41,5,D,9,14.42817593,121.0051856,1,14,121.5,0.6543515345,49181
48821,13,33,41,5,D,9,14.42550168,121.0055811,1,14,121.5,0.6523049003,49181
48941,13,35,41,5,D,9,14.07175003,121.2419264,0,14,121.5,0.2678619626,49181
49061,13,37,41,5,D,9,14.0081811,121.4099213,1,14,121.5,0.09044945472,49181
49181,13,39,41,5,A,9,14.10002736,121.8000365,0,14.5,122,0.4471728146,49661
49301,13,41,41,5,A,9,14.31064399,121.9627573,0,14.5,122,0.1929837298,49661
49421,13,43,41,5,A,9,14.33191053,121.9708991,0,14.5,122,0.1705899645,49661
49541,13,45,41,5,A,9,14.42693057,121.994632,1,14.5,122,0.07326634116,49661
49661,13,47,41,5,B,10,14.79652548,121.9025825,0,15,121.5,0.4510815009,49901
49781,13,49,41,5,B,10,14.84309323,121.8637129,0,15,121.5,0.3961145982,49901
49901,13,51,41,5,C,10,14.99839938,121.4600243,1,14.5,121,0.67825088,50741
50021,13,53,41,5,C,10,14.99638039,121.4399458,1,14.5,121,0.6632841184,50741
50141,13,55,41,5,C,10,14.99071445,121.4040869,1,14.5,121,0.6356782951,50741
50261,13,57,41,5,C,10,14.88532763,121.1813739,0,14.5,121,0.4258801017,50741
50381,13,59,41,5,C,10,14.87928723,121.1742068,0,14.5,121,0.4173809027,50741
50501,14,1,41,5,C,10,14.65503262,121.0246424,1,14.5,121,0.1569788491,50741
50621,14,3,41,5,C,10,14.50882547,121.0000779,1,14.5,121,0.008825811347,50741
50741,14,5,41,5,D,10,14.09163389,121.2114916,0,14,121.5,0.3027109043,50981
50861,14,7,41,5,D,10,14.01983653,121.3605617,1,14,121.5,0.1408422226,50981
50981,14,9,41,5,A,10,14.00065518,121.5255881,1,14.5,122,0.6887756228,51341
51101,14,11,41,5,A,10,14.09769565,121.7969027,0,14.5,122,0.4506631857,51341
51221,14,13,41,5,A,10,14.46268659,121.9986058,1,14.5,122,0.03733944506,51341
51341,14,15,41,5,B,11,14.69320095,121.9611653,0,15,121.5,0.5538944391,51581
51461,14,17,41,5,B,11,14.97071118,121.6686149,0,15,121.5,0.171139762,51581
51581,14,19,41,5,C,11,14.99339127,121.418975,1,14.5,121,0.6472827849,52061
51701,14,21,41,5,C,11,14.9806731,121.3623287,1,14.5,121,0.6019374941,52061
51821,14,23,41,5,C,11,14.92306721,121.2335152,0,14.5,121,0.4832341242,52061
51941,14,25,41,5,C,11,14.67647859,121.0321803,0,14.5,121,0.1793885809,52061
52061,14,27,41,5,D,11,14.32986404,121.0298365,0,14,121.5,0.5743379145,52301
52181,14,29,41,5,D,11,14.07993124,121.2288133,0,14,121.5,0.2827211267,52301
30027,8,20,27,5,B,1,14.78805919,121.9086831,0,15,121.5,0.4603702916,30387
30147,8,22,27,5,B,1,14.80077564,121.8994171,0,15,121.5,0.4463455608,30387
30267,8,24,27,5,B,1,14.99953885,121.5214694,1,15,121.5,0.0214743396,30387
30387,8,26,27,5,C,1,14.94560045,121.2731956,0,14.5,121,0.5226811498,30627
30507,8,28,27,5,C,1,14.75280985,121.0686218,0,14.5,121,0.2619575685,30627
30627,8,30,27,5,D,1,14.33217393,121.029007,0,14,121.5,0.576345325,30867
30747,8,32,27,5,D,1,14.07301663,121.2398362,0,14,121.5,0.2702158937,30867
30867,8,34,27,5,A,1,14.04445443,121.7061025,0,14.5,122,0.5421231464,31347
30987,8,36,27,5,A,1,14.20436995,121.9032405,0,14.5,122,0.3110619409,31347
31107,8,38,27,5,A,1,14.31979547,121.9663972,0,14.5,122,0.1833107289,31347
31227,8,40,27,5,A,1,14.41914975,121.9934199,1,14.5,122,0.08111756836,31347
31347,8,42,27,5,B,2,14.60290267,121.9892965,1,15,121.5,0.6301565893,31587
31467,8,44,27,5,B,2,14.883103,121.8212975,0,15,121.5,0.3419020278,31587
31587,8,46,27,5,C,2,14.97989381,121.3596364,1,14.5,121,0.5996969487,31827
31707,8,48,27,5,C,2,14.7405247,121.0616533,0,14.5,121,0.2483007366,31827
31827,8,50,27,5,D,2,14.3610649,121.0196907,1,14,121.5,0.6008867594,32067
31947,8,52,27,5,D,2,14.0869937,121.2181742,0,14,121.5,0.2949469401,32067
32067,8,54,27,5,A,2,14.033576,121.6801351,0,14.5,122,0.5655659956,32307
32187,8,56,27,5,A,2,14.25434464,121.9354922,0,14.5,122,0.2539838907,32307
32307,8,58,27,5,B,3,14.50322462,121.9999896,1,15,121.5,0.7048229398,32787
32427,9,0,27,5,B,3,14.5075093,121.9999436,1,15,121.5,0.7017768197,32787
32547,9,2,27,5,B,3,14.74173236,121.9376819,0,15,121.5,0.5082003983,32787
32667,9,4,27,5,B,3,14.99089524,121.5949835,1,15,121.5,0.0954188886,32787
32787,9,6,27,5,C,3,14.91867187,121.2266616,0,14.5,121,0.4760899427,33147
32907,9,8,27,5,C,3,14.66008829,121.0263211,0,14.5,121,0.1622376578,33147
33027,9,10,27,5,C,3,14.64550434,121.0216398,1,14.5,121,0.1471047066,33147
33147,9,12,27,5,D,3,14.39035678,121.0121697,1,14,121.5,0.6247853898,33627
33267,9,14,27,5,D,3,14.24284246,121.0711993,0,14,121.5,0.4927904869,33627
33387,9,16,27,5,D,3,14.22080893,121.0852081,0,14,121.5,0.4699031112,33627
33507,9,18,27,5,D,3,14.00083757,121.4710713,1,14,121.5,0.02894086037,33627
33627,9,20,27,5,A,3,14.0689231,121.7533233,0,14.5,122,0.4966655548,33867
33747,9,22,27,5,A,3,14.27649341,121.9472637,0,14.5,122,0.2296438855,33867
33867,9,24,27,5,B,4,14.72720156,121.9453981,0,15,121.5,0.5223011013,34227
33987,9,26,27,5,B,4,14.83108445,121.8746773,0,15,121.5,0.4109933692,34227
34107,9,28,27,5,B,4,14.98385501,121.626033,1,15,121.5,0.1270629229,34227
34227,9,30,27,5,C,4,14.90485694,121.2065876,0,14.5,121,0.4545190387,34587
34347,9,32,27,5,C,4,14.89992934,121.1999058,0,14.5,121,0.4471082711,34587
34467,9,34,27,5,C,4,14.54299711,121.0018522,1,14.5,121,0.04303698411,34587
34587,9,36,27,5,D,4,14.38116722,121.0143265,1,14,121.5,0.6173874172,35187
34707,9,38,27,5,D,4,14.32455894,121.0317902,0,14,121.5,0.5697007437,35187
34827,9,40,27,5,D,4,14.14793615,121.1449633,0,14,121.5,0.3846246929,35187
34947,9,42,27,5,D,4,14.13667962,121.1564912,0,14,121.5,0.3697020642,35187
35067,9,44,27,5,D,4,14.0109798,121.3957923,1,14,121.5,0.1047845577,35187
35187,9,46,27,5,A,4,14.11538086,121.819481,0,14.5,122,0.4248752607,35427
35307,9,48,27,5,A,4,14.24540582,121.9303276,0,14.5,122,0.2639553879,35427
35427,9,50,27,5,B,5,14.7098091,121.9538504,0,15,121.5,0.5386937021,35907
35547,9,52,27,5,B,5,14.80726271,121.8944485,0,15,121.5,0.4390185515,35907
35667,9,54,27,5,B,5,14.8950541,121.8064837,0,15,121.5,0.3239535457,35907
35787,9,56,27,5,B,5,14.97304529,121.6619511,0,15,121.5,0.1641788921,35907
35907,9,58,27,5,C,5,14.9908214,121.4046357,1,14.5,121,0.636109791,36387
36027,10,0,27,5,C,5,14.979316,121.3576758,1,14.5,121,0.598060042,36387
36147,10,2,27,5,C,5,14.87606777,121.1704958,0,14.5,121,0.4129113432,36387
36267,10,4,27,5,C,5,14.62574126,121.0160691,1,14.5,121,0.1267638746,36387
36387,10,6,27,5,D,5,14.37894596,121.0148754,1,14,121.5,0.6155858708,36867
36507,10,8,27,5,D,5,14.32948907,121.0299723,0,14,121.5,0.5740113882,36867
36627,10,10,27,5,D,5,14.02153643,121.3548359,1,14,121.5,0.14675295,36867
36747,10,12,27,5,D,5,14.01527704,121.3773474,1,14,121.5,0.1236003216,36867
36867,10,14,27,5,A,5,14.07958646,121.7706519,0,14.5,122,0.4789030168,37107
36987,10,16,27,5,A,5,14.25724722,121.9371168,0,14.5,122,0.2507652466,37107
37107,10,18,27,5,B,6,14.62349859,121.9845081,1,15,121.5,0.6135971037,37587
37227,10,20,27,5,B,6,14.88465424,121.8194387,0,15,121.5,0.3396259071,37587
37347,10,22,27,5,B,6,14.97797284,121.6467718,1,15,121.5,0.1484155116,37587
37467,10,24,27,5,B,6,14.99503109,121.5703152,1,15,121.5,0.07049050529,37587
37587,10,26,27,5,C,6,14.99954163,121.4785953,1,14.5,121,0.6918057901,38307
37707,10,28,27,5,C,6,14.9962031,121.4384981,1,14.5,121,0.6621918686,38307
37827,10,30,27,5,C,6,14.99040306,121.4025073,1,14.5,121,0.6344345982,38307
37947,10,32,27,5,C,6,14.98169065,121.3659324,1,14.5,121,0.6049234825,38307
38067,10,34,27,5,C,6,14.72648523,121.0542372,0,14.5,121,0.2328888989,38307
38187,10,36,27,5,C,6,14.69690841,121.0404055,0,14.5,121,0.2010112599,38307
38307,10,38,27,5,D,6,14.41745635,121.0068605,1,14,121.5,0.6461086172,38787
38427,10,40,27,5,D,6,14.12568888,121.1685016,0,14,121.5,0.3545262805,38787
38547,10,42,27,5,D,6,14.02659511,121.3391031,0,14,121.5,0.1630800717,38787
38667,10,44,27,5,D,6,14.00467269,121.4318028,1,14,121.5,0.0683570941,38787
38787,10,46,27,5,A,6,14.04628769,121.7101074,0,14.5,122,0.5384167122,39147
38907,10,48,27,5,A,6,14.09382613,121.7915867,0,14.5,122,0.456523087,39147
39027,10,50,27,5,A,6,14.45421622,121.9978994,1,14.5,122,0.04583194515,39147
39147,10,52,27,5,B,7,14.67641919,121.9678421,0,15,121.5,0.5688416407,39747
39267,10,54,27,5,B,7,14.77766464,121.9158153,0,15,121.5,0.4715245057,39747
39387,10,56,27,5,B,7,14.80176575,121.8986696,0,15,121.5,0.4452350537,39747
39507,10,58,27,5,B,7,14.98712396,121.6127397,1,15,121.5,0.1134726202,39747
39627,11,0,27,5,B,7,14.99919595,121.5283443,1,15,121.5,0.02835569756,39747
39747,11,2,27,5,C,7,14.99586918,121.4358615,1,14.5,121,0.6601980475,40107
39867,11,4,27,5,C,7,14.73934033,121.0610055,0,14.5,121,0.2469928321,40107
39987,11,6,27,5,C,7,14.73929157,121.0609789,0,14.5,121,0.2469390169,40107
40107,11,8,27,5,D,7,14.45125469,121.0023818,1,14,121.5,0.6717549309,40347
40227,11,10,27,5,D,7,14.10738445,121.1903986,0,14,121.5,0.3276956657,40347
40347,11,12,27,5,A,7,14.00126203,121.5355026,1,14.5,122,0.6815404347,40707
40467,11,14,27,5,A,7,14.07694261,121.7665004,0,14.5,122,0.4832179917,40707
40587,11,16,27,5,A,7,14.47898829,121.9995583,1,14.5,122,0.02101635431,40707
40707,11,18,27,5,B,8,14.82761317,121.8777163,0,15,121.5,0.4151949269,40947
40827,11,20,27,5,B,8,14.98315119,121.6287048,1,15,121.5,0.1298029715,40947
40947,11,22,27,5,C,8,14.99883346,121.4658653,1,14.5,121,0.6825432764,41427
41067,11,24,27,5,C,8,14.7639938,121.075374,0,14.5,121,0.2745431836,41427
41187,11,26,27,5,C,8,14.64768197,121.0223076,1,14.5,121,0.1493572697,41427
41307,11,28,27,5,C,8,14.63757993,121.0193008,1,14.5,121,0.1389271639,41427
41427,11,30,27,5,D,8,14.41489704,121.0072957,1,14,121.5,0.644125016,42147
41547,11,32,27,5,D,8,14.37680818,121.0154138,1,14,121.5,0.6138470351,42147
41667,11,34,27,5,D,8,14.25537336,121.0639291,0,14,121.5,0.5053447888,42147
41787,11,36,27,5,D,8,14.06288565,121.2572428,0,14,121.5,0.2507701159,42147
41907,11,38,27,5,D,8,14.00127952,121.4642525,1,14,121.5,0.03577042355,42147
42027,11,40,27,5,D,8,14.000035,121.4940838,1,14,121.5,0.00591632845,42147
42147,11,42,27,5,A,8,14.09553208,121.7939485,0,14.5,122,0.4539289947,42387
42267,11,44,27,5,A,8,14.44188897,121.9966116,1,14.5,122,0.0582097356,42387
42387,11,46,27,5,B,9,14.65120261,121.9765897,1,15,121.5,0.5905907144,42627
42507,11,48,27,5,B,9,14.83535566,121.8708592,0,15,121.5,0.405763898,42627
42627,11,50,27,5,C,9,14.99948758,121.4773691,1,14.5,121,0.6909189903,43227
42747,11,52,27,5,C,9,14.98087416,121.3630327,1,14.5,121,0.6025219525,43227
42867,11,54,27,5,C,9,14.8949191,121.1933424,0,14.5,121,0.4397071429,43227
42987,11,56,27,5,C,9,14.70489481,121.04391,0,14.5,121,0.2095470584,43227
43107,11,58,27,5,C,9,14.59013427,121.0081913,1,14.5,121,0.09050571102,43227
43227,12,0,27,5,D,9,14.21299703,121.0905744,0,14,121.5,0.4615160172,43827
43347,12,2,27,5,D,9,14.16066668,121.1327768,0,14,121.5,0.4008324824,43827
43467,12,4,27,5,D,9,14.11032749,121.1867025,0,14,121.5,0.3321558186,43827
43587,12,6,27,5,D,9,14.03762649,121.3097088,0,14,121.5,0.193975495,43827
43707,12,8,27,5,D,9,14.00156175,121.4605119,1,14,121.5,0.03951900366,43827
43827,12,10,27,5,A,9,14.15315292,121.8601348,0,14.5,122,0.3739855108,44067
43947,12,12,27,5,A,9,14.43402638,121.9956284,1,14.5,122,0.06611830429,44067
44067,12,14,27,5,B,10,14.76428411,121.9244454,0,15,121.5,0.4855058086,44427
44187,12,16,27,5,B,10,14.89470366,121.8069349,0,15,121.5,0.3244939677,44427
44307,12,18,27,5,B,10,14.99991217,121.5093715,1,15,121.5,0.009371861942,44427
44427,12,20,27,5,C,10,14.79308111,121.0949031,0,14.5,121,0.3080635422,44547
44547,12,22,27,5,D,10,14.42368996,121.0058575,1,14,121.5,0.6509147127,45027
44667,12,24,27,5,D,10,14.37697805,121.0153707,1,14,121.5,0.6139853823,45027
44787,12,26,27,5,D,10,14.04881131,121.2845267,0,14,121.5,0.2209328114,45027
44907,12,28,27,5,D,10,14.00045364,121.4787061,1,14,121.5,0.02129871641,45027
45027,12,30,27,5,A,10,14.14046872,121.8474727,0,14.5,122,0.3905474673,45267
45147,12,32,27,5,A,10,14.42480785,121.9943138,1,14.5,122,0.07540684923,45267
45267,12,34,27,5,B,11,14.83434658,121.8717692,0,15,121.5,0.4070054291,45747
45387,12,36,27,5,B,11,14.87943502,121.825621,0,15,121.5,0.3472246815,45747
45507,12,38,27,5,B,11,14.90839631,121.7884657,0,15,121.5,0.3026610142,45747
45627,12,40,27,5,B,11,14.91461049,121.7794605,0,15,121.5,0.2922148424,45747
45747,12,42,27,5,C,11,14.97443672,121.3421716,0,14.5,121,0.5849543715,46107
45867,12,44,27,5,C,11,14.75483225,121.0698134,0,14.5,121,0.2642222221,46107
45987,12,46,27,5,C,11,14.67690621,121.0323418,0,14.5,121,0.1798382563,46107
49154,13,39,14,6,B,1,14.71993006,121.9490332,0,15,121.5,0.5292163489,49394
49274,13,41,14,6,B,1,14.99150392,121.5917818,1,15,121.5,0.09217417813,49394
49394,13,43,14,6,C,1,14.95707921,121.2973214,0,14.5,121,0.545271896,49634
49514,13,45,14,6,C,1,14.60043376,121.0101908,1,14.5,121,0.1009494535,49634
49634,13,47,14,6,D,1,14.22319182,121.0836141,0,14,121.5,0.4724318185,49874
49754,13,49,14,6,D,1,14.00192698,121.456145,1,14,121.5,0.04389734378,49874
49874,13,51,14,6,A,1,14.02741302,121.6632836,0,14.5,122,0.580272657,50114
49994,13,53,14,6,A,1,14.21286795,121.9093351,0,14.5,122,0.3011062104,50114
50114,13,55,14,6,B,2,14.63476844,121.981495,1,15,121.5,0.6043439117,50354
50234,13,57,14,6,B,2,14.95324028,121.7111238,0,15,121.5,0.2162399597,50354
50354,13,59,14,6,C,2,14.95280552,121.2879454,0,14.5,121,0.5366054227,50714
50474,14,1,14,6,C,2,14.81849018,121.11456,0,14.5,121,0.3384671147,50714
50594,14,3,14,6,C,2,14.61978793,121.0145612,1,14.5,121,0.1206697013,50714
50714,14,5,14,6,D,2,14.32803604,121.030502,0,14,121.5,0.5727443066,50954
50834,14,7,14,6,D,2,14.12391952,121.1705103,0,14,121.5,0.3520220416,50954
50954,14,9,14,6,A,2,14.01208783,121.6092782,1,14.5,122,0.6250774719,51674
51074,14,11,14,6,A,2,14.01359974,121.6158222,1,14.5,122,0.6198207506,51674
51194,14,13,14,6,A,2,14.04702894,121.7117008,0,14.5,122,0.5369350255,51674
51314,14,15,14,6,A,2,14.06336691,121.7436217,0,14.5,122,0.5063380962,51674
51434,14,17,14,6,A,2,14.18027981,121.8844203,0,14.5,122,0.3399700819,51674
51554,14,19,14,6,A,2,14.29017941,121.953845,0,14.5,122,0.2148370597,51674
51674,14,21,14,6,B,3,14.75000516,121.9330097,0,15,121.5,0.4999948365,51914
51794,14,23,14,6,B,3,14.99268012,121.5852426,1,15,121.5,0.08555631136,51914
51914,14,25,14,6,C,3,14.99080327,121.4045424,1,14.5,121,0.6360364786,52154
52034,14,27,14,6,C,3,14.78353054,121.0881621,0,14.5,121,0.2969210827,52154
52154,14,29,14,6,D,3,14.37962354,121.0147068,1,14,121.5,0.6161359742,52634
52274,14,31,14,6,D,3,14.16314392,121.1305031,0,14,121.5,0.4039107809,52634
52394,14,33,14,6,D,3,14.0748701,121.2368184,0,14,121.5,0.273624016,52634
52514,14,35,14,6,D,3,14.01919469,121.3627912,1,14,121.5,0.1385449188,52634
52634,14,37,14,6,A,3,14.01224215,121.6099649,1,14.5,122,0.6245278872,52994
52754,14,39,14,6,A,3,14.09077354,121.7872868,0,14.5,122,0.4612084109,52994
52874,14,41,14,6,A,3,14.35251048,121.9777519,1,14.5,122,0.1491580931,52994
52994,14,43,14,6,B,4,14.74619491,121.9351874,0,15,121.5,0.5037907225,53714
53114,14,45,14,6,B,4,14.80265708,121.8979933,0,15,121.5,0.4442329528,53714
53234,14,47,14,6,B,4,14.81651932,121.8870601,0,15,121.5,0.4283464469,53714
53354,14,49,14,6,B,4,14.8942397,121.8075306,0,15,121.5,0.3252080835,53714
53474,14,51,14,6,B,4,14.9436047,121.7306835,0,15,121.5,0.2374769408,53714
53594,14,53,14,6,B,4,14.94426017,121.7294186,0,15,121.5,0.2360928405,53714
53714,14,55,14,6,C,4,14.99206821,121.4112933,1,14.5,121,0.6413215241,54074
53834,14,57,14,6,C,4,14.89748038,121.1966696,0,14.5,121,0.4434744277,54074
53954,14,59,14,6,C,4,14.56915081,121.0048049,1,14.5,121,0.06931754343,54074
54074,15,1,14,6,D,4,14.12214803,121.1725433,0,14,121.5,0.3494968184,54434
54194,15,3,14,6,D,4,14.00414586,121.4357453,1,14,121.5,0.06438835704,54434
54314,15,5,14,6,D,4,14.00105076,121.4676016,1,14,121.5,0.03241548189,54434
54434,15,7,14,6,A,4,14.04141452,121.699247,0,14.5,122,0.5484095376,54794
54554,15,9,14,6,A,4,14.36329937,121.98095,1,14.5,122,0.1380216018,54794
54674,15,11,14,6,A,4,14.43044936,121.9951391,1,14.5,122,0.06972029618,54794
54794,15,13,14,6,B,5,14.82824701,121.8771656,0,15,121.5,0.4144309219,55034
54914,15,15,14,6,B,5,14.98414364,121.6249197,1,15,121.5,0.1259220305,55034
55034,15,17,14,6,C,5,14.88786617,121.184469,0,14.5,121,0.42949851,55274
55154,15,19,14,6,C,5,14.72428703,121.0531272,0,14.5,121,0.2304933087,55274
55274,15,21,14,6,D,5,14.42756193,121.0052751,1,14,121.5,0.6538821991,55634
55394,15,23,14,6,D,5,14.38907868,121.0124588,1,14,121.5,0.6237617213,55634
55514,15,25,14,6,D,5,14.16385441,121.1298566,0,14,121.5,0.4047893396,55634
55634,15,27,14,6,A,5,14.00465934,121.5681002,1,14.5,122,0.6571908621,55994
55754,15,29,14,6,A,5,14.03103858,121.673422,0,14.5,122,0.5714700337,55994
55874,15,31,14,6,A,5,14.27889634,121.9484564,0,14.5,122,0.2270320896,55994
55994,15,33,14,6,B,6,14.58423852,121.9928528,1,15,121.5,0.6447956916,56594
56114,15,35,14,6,B,6,14.64816747,121.977542,1,15,121.5,0.5931547264,56594
56234,15,37,14,6,B,6,14.80882184,121.893229,0,15,121.5,0.4372392534,56594
56354,15,39,14,6,B,6,14.97595662,121.6531839,1,15,121.5,0.1550592747,56594
56474,15,41,14,6,B,6,14.9999056,121.5097153,1,15,121.5,0.009715722045,56594
56594,15,43,14,6,C,6,14.99139412,121.4076322,1,14.5,121,0.6384607708,56834
56714,15,45,14,6,C,6,14.85017594,121.1431011,0,14.5,121,0.3782870895,56834
56834,15,47,14,6,D,6,14.46815386,121.0010152,1,14,121.5,0.6842176984,57074
56954,15,49,14,6,D,6,14.06307153,121.2569084,0,14,121.5,0.2511404645,57074
57074,15,51,14,6,A,6,14.04339319,121.7037406,0,14.5,122,0.5442971761,57314
57194,15,53,14,6,A,6,14.35895734,121.9796947,1,14.5,122,0.1424968028,57314
57314,15,55,14,6,B,7,14.63553481,121.9812799,1,15,121.5,0.6037095234,57674
57434,15,57,14,6,B,7,14.86888479,121.8375263,0,15,121.5,0.3620983445,57674
57554,15,59,14,6,B,7,14.98365342,121.6268045,1,15,121.5,0.1278537577,57674
57674,16,1,14,6,C,7,14.99142302,121.4077861,1,14.5,121,0.6385812873,58034
57794,16,3,14,6,C,7,14.71837756,121.0502098,0,14.5,121,0.2240753876,58034
57914,16,5,14,6,C,7,14.70294267,121.043038,0,14.5,121,0.2074560092,58034
58034,16,7,14,6,D,7,14.46902439,121.0009604,1,14,121.5,0.6848535531,58394
58154,16,9,14,6,D,7,14.09469748,121.2072034,0,14,121.5,0.3077295615,58394
58274,16,11,14,6,D,7,14.01157005,121.3930599,1,14,121.5,0.1075641788,58394
58394,16,13,14,6,A,7,14.04169588,121.6998933,0,14.5,122,0.5478199544,58874
58514,16,15,14,6,A,7,14.1382685,121.8451816,0,14.5,122,0.3934697172,58874
58634,16,17,14,6,A,7,14.15169422,121.8587242,0,14.5,122,0.3758666715,58874
58754,16,19,14,6,A,7,14.42532073,121.9943916,1,14.5,122,0.07488957236,58874
58874,16,21,14,6,B,8,14.76729812,121.9225538,0,15,121.5,0.482391831,59114
58994,16,23,14,6,B,8,14.95514293,121.7069901,0,15,121.5,0.2117948723,59114
59114,16,25,14,6,C,8,14.92495352,121.2365337,0,14.5,121,0.4863472732,59474
59234,16,27,14,6,C,8,14.92141339,121.2309075,0,14.5,121,0.4805283913,59474
59354,16,29,14,6,C,8,14.70517875,121.0440376,0,14.5,121,0.2098514502,59474
59474,16,31,14,6,D,8,14.3780317,121.0151044,1,14,121.5,0.6148428246,59834
59594,16,33,14,6,D,8,14.11443675,121.181659,0,14,121.5,0.3382850125,59834
59714,16,35,14,6,D,8,14.00136363,121.4630979,1,14,121.5,0.03692731938,59834
59834,16,37,14,6,A,8,14.1279257,121.8340071,0,14.5,122,0.4074223173,60194
59954,16,39,14,6,A,8,14.22160921,121.9153295,0,14.5,122,0.2909820102,60194
60074,16,41,14,6,A,8,14.3025181,121.9593483,0,14.5,122,0.2016225656,60194
60194,16,43,14,6,B,9,14.77321247,121.918754,0,15,121.5,0.4762221472,60434
60314,16,45,14,6,B,9,14.94675611,121.7245194,0,15,121.5,0.230746384,60434
60434,16,47,14,6,C,9,14.95619416,121.2953371,0,14.5,121,0.5434492845,60794
60554,16,49,14,6,C,9,14.70904508,121.0457972,0,14.5,121,0.2140028746,60794
60674,16,51,14,6,C,9,14.54683012,121.0021979,1,14.5,121,0.04688166739,60794
60794,16,53,14,6,D,9,14.33867227,121.0267418,0,14,121.5,0.5819555601,61274
60914,16,55,14,6,D,9,14.27520765,121.0533811,0,14,121.5,0.5246023698,61274
61034,16,57,14,6,D,9,14.02902183,121.3321323,0,14,121.5,0.1703579591,61274
61154,16,59,14,6,D,9,14.00928383,121.4040957,1,14,121.5,0.09635260803,61274
61274,17,1,14,6,A,9,14.02447553,121.6545202,1,14.5,122,0.5877753376,61634
61394,17,3,14,6,A,9,14.04209496,121.7008058,0,14.5,122,0.5469864533,61634
61514,17,5,14,6,A,9,14.33797099,121.9730186,0,14.5,122,0.1642601449,61634
61634,17,7,14,6,B,10,14.7863276,121.9098982,0,15,121.5,0.4622471239,61994
61754,17,9,14,6,B,10,14.96056086,121.6946373,0,15,121.5,0.1985928923,61994
61874,17,11,14,6,B,10,14.99823365,121.5419908,1,15,121.5,0.04202795471,61994
61994,17,13,14,6,C,10,14.97672924,121.3492378,1,14.5,121,0.5909634658,62354
62114,17,15,14,6,C,10,14.70374826,121.0433966,0,14.5,121,0.2083185541,62354
62234,17,17,14,6,C,10,14.57007751,121.0049352,1,14.5,121,0.07025107205,62354
62354,17,19,14,6,D,10,14.49974617,121.0000001,1,14,121.5,0.7069272748,62834
62474,17,21,14,6,D,10,14.40326933,121.0094461,1,14,121.5,0.6350349047,62834
62594,17,23,14,6,D,10,14.14286682,121.150063,0,14,121.5,0.3779772686,62834
62714,17,25,14,6,D,10,14.12622735,121.1678946,0,14,121.5,0.3552848879,62834
62834,17,27,14,6,A,10,14.00106158,121.5325646,1,14.5,122,0.6836924651,63194
62954,17,29,14,6,A,10,14.0151458,121.6221327,1,14.5,122,0.6147091027,63194
63074,17,31,14,6,A,10,14.31605979,121.9649366,0,14.5,122,0.1872523642,63194
63194,17,33,14,6,B,11,14.60821637,121.9881488,1,15,121.5,0.6259262211,63674
63314,17,35,14,6,B,11,14.69939017,121.9585232,0,15,121.5,0.5482789716,63674
63434,17,37,14,6,B,11,14.97634086,121.6519848,1,15,121.5,0.1538152879,63674
63554,17,39,14,6,B,11,14.988232,121.6078402,1,15,121.5,0.1084804316,63674
63674,17,41,14,6,C,11,14.96500338,121.3162288,0,14.5,121,0.5623422447,64034
63794,17,43,14,6,C,11,14.86706077,121.160491,0,14.5,121,0.4006132268,64034
63914,17,45,14,6,C,11,14.73055553,121.0563288,0,14.5,121,0.2373368638,64034
64034,17,47,14,6,D,11,14.34045343,121.0261383,0,14,121.5,0.5834838764,64274
64154,17,49,14,6,D,11,14.05647638,121.2691607,0,14,121.5,0.2376476042,64274
64274,17,51,14,6,A,11,14.00340238,121.5582306,1,14.5,122,0.6646573561,64634
64394,17,53,14,6,A,11,14.01147749,121.6065164,1,14.5,122,0.627282678,64634
64514,17,55,14,6,A,11,14.28653126,121.9521406,0,14.5,122,0.2187679816,64634
64634,17,57,14,6,B,12,14.71427861,121.9517573,0,15,121.5,0.5345291334,64874
64754,17,59,14,6,B,12,14.95244518,121.7128224,0,15,121.5,0.2180706872,64874
64874,18,1,14,6,C,12,14.99959001,121.4797559,1,14.5,121,0.6926441291,65234
64994,18,3,14,6,C,12,14.93678304,121.2566472,0,14.5,121,0.5066036081,65234
65114,18,5,14,6,C,12,14.72759259,121.0548016,0,14.5,121,0.2340974171,65234
41603,11,33,23,3,B,1,14.73547433,121.9410803,0,15,121.5,0.514320587,41963
41723,11,35,23,3,B,1,14.83885815,121.8676617,0,15,121.5,0.4014247696,41963
41843,11,37,23,3,B,1,14.97238001,121.6638814,0,15,121.5,0.1661926245,41963
41963,11,39,23,3,C,1,14.94132258,121.26498,0,14.5,121,0.5147621234,42323
42083,11,41,23,3,C,1,14.88617059,121.182396,0,14.5,121,0.4270784945,42323
42203,11,43,23,3,C,1,14.80349788,121.1026475,0,14.5,121,0.3203864336,42323
42323,11,45,23,3,D,1,14.40858647,121.0084275,1,14,121.5,0.639207687,42683
42443,11,47,23,3,D,1,14.12025282,121.1747431,0,14,121.5,0.3467748851,42683
42563,11,49,23,3,D,1,14.00955982,121.4026941,1,14,121.5,0.09777434867,42683
42683,11,51,23,3,A,1,14.11119746,121.8143765,0,14.5,122,0.4308404571,43043
42803,11,53,23,3,A,1,14.24209768,121.9283531,0,14.5,122,0.2676693551,43043
42923,11,55,23,3,A,1,14.34318888,121.9747739,0,14.5,122,0.1588272142,43043
43043,11,57,23,3,B,2,14.5007503,121.9999994,1,15,121.5,0.7065760392,43403
43163,11,59,23,3,B,2,14.89160556,121.8108779,0,15,121.5,0.3292331023,43403
43283,12,1,23,3,B,2,14.9535196,121.7105231,0,15,121.5,0.2155931298,43403
43403,12,3,23,3,C,2,14.99104635,121.4058008,1,14.5,121,0.6370249894,43883
43523,12,5,23,3,C,2,14.875028,121.1693128,0,14.5,121,0.4114764169,43883
43643,12,7,23,3,C,2,14.80296536,121.1022413,0,14.5,121,0.3197519174,43883
43763,12,9,23,3,C,2,14.60737495,121.0116655,1,14.5,121,0.1080067723,43883
43883,12,11,23,3,D,2,14.49959536,121.0000002,1,14,121.5,0.706820599,44243
44003,12,13,23,3,D,2,14.30580653,121.0392518,0,14,121.5,0.5529977628,44243
44123,12,15,23,3,D,2,14.11704698,121.1785237,0,14,121.5,0.3421212981,44243
44243,12,17,23,3,A,2,14.00237189,121.5486443,1,14.5,122,0.6718301141,44843
44363,12,19,23,3,A,2,14.02355492,121.6516578,1,14.5,122,0.5902052259,44843
44483,12,21,23,3,A,2,14.06807911,121.7518816,0,14.5,122,0.4981148315,44843
44603,12,23,23,3,A,2,14.35432558,121.9783084,1,14.5,122,0.1472805449,44843
44723,12,25,23,3,A,2,14.47575218,121.9994117,1,14.5,122,0.02425495544,44843
44843,12,27,23,3,B,3,14.66591198,121.9716707,0,15,121.5,0.5780034732,45443
44963,12,29,23,3,B,3,14.90356175,121.7951913,0,15,121.5,0.3105450842,45443
45083,12,31,23,3,B,3,14.94457544,121.7288071,0,15,121.5,0.2354242112,45443
45203,12,33,23,3,B,3,14.99853982,121.5381843,1,15,121.5,0.03821223908,45443
45323,12,35,23,3,B,3,14.99856169,121.5378977,1,15,121.5,0.03792502254,45443
45443,12,37,23,3,C,3,14.99870752,121.4640722,1,14.5,121,0.6812284465,45803
45563,12,39,23,3,C,3,14.84453863,121.1376561,0,14.5,121,0.3710202875,45803
45683,12,41,23,3,C,3,14.51438277,121.0002069,1,14.5,121,0.014384261,45803
45803,12,43,23,3,D,3,14.33621912,121.0275851,0,14,121.5,0.5798440491,46283
45923,12,45,23,3,D,3,14.20370436,121.0972483,0,14,121.5,0.4513361911,46283
46043,12,47,23,3,D,3,14.07604009,121.2349378,0,14,121.5,0.2757536761,46283
46163,12,49,23,3,D,3,14.00011951,121.4890686,1,14,121.5,0.01093204531,46283
46283,12,51,23,3,A,3,14.06088109,121.7391121,0,14.5,122,0.5107718869,46523
46403,12,53,23,3,A,3,14.26618342,121.9419613,0,14.5,122,0.2409121835,46523
46523,12,55,23,3,B,4,14.62036096,121.9852971,1,15,121.5,0.6161485573,47123
46643,12,57,23,3,B,4,14.73713503,121.9401897,0,15,121.5,0.5127035902,47123
46763,12,59,23,3,B,4,14.75995846,121.9271084,0,15,121.5,0.4899403431,47123
46883,13,1,23,3,B,4,14.80739372,121.8943464,0,15,121.5,0.4388693183,47123
47003,13,3,23,3,B,4,14.99345919,121.5806103,1,15,121.5,0.08087525875,47123
47123,13,5,23,3,C,4,14.93529499,121.2539954,0,14.5,121,0.503979548,47483
47243,13,7,23,3,C,4,14.86946154,121.1631051,0,14.5,121,0.403862733,47483
47363,13,9,23,3,C,4,14.6094744,121.0121318,1,14.5,121,0.1101445647,47483
47483,13,11,23,3,D,4,14.43108411,121.0047722,1,14,121.5,0.656569955,47723
47603,13,13,23,3,D,4,14.0782207,121.2314814,0,14,121.5,0.2796796463,47723
47723,13,15,23,3,A,4,14.00289314,121.5537101,1,14.5,122,0.6680493486,47963
47843,13,17,23,3,A,4,14.10866999,121.8112247,0,14.5,122,0.4344827757,47963
47963,13,19,23,3,B,5,14.54271927,121.9981717,1,15,121.5,0.6762253533,48443
48083,13,21,23,3,B,5,14.59910756,121.9900793,1,15,121.5,0.6331606758,48443
48203,13,23,23,3,B,5,14.75539598,121.9298522,0,15,121.5,0.4945745807,48443
48323,13,25,23,3,B,5,14.90878621,121.7879129,0,15,121.5,0.3020162155,48443
48443,13,27,23,3,C,5,14.99139651,121.4076449,1,14.5,121,0.6384707448,48803
48563,13,29,23,3,C,5,14.85722025,121.1501519,0,14.5,121,0.3874943819,48803
48683,13,31,23,3,C,5,14.62186787,121.0150792,1,14.5,121,0.1227972268,48803
48803,13,33,23,3,D,5,14.23130524,121.0783329,0,14,121.5,0.480942029,49283
48923,13,35,23,3,D,5,14.1825983,121.1136631,0,14,121.5,0.4273152274,49283
49043,13,37,23,3,D,5,14.01725928,121.3697641,1,14,121.5,0.1313745722,49283
49163,13,39,23,3,D,5,14.0034024,121.4417693,1,14,121.5,0.05833006122,49283
49283,13,41,23,3,A,5,14.16496507,121.871149,0,14.5,122,0.3589581907,49403
49403,13,43,23,3,B,6,14.54519534,121.9979532,1,15,121.5,0.6743920665,49763
49523,13,45,23,3,B,6,14.80069541,121.8994775,0,15,121.5,0.4464354295,49763
49643,13,47,23,3,B,6,14.9991499,121.5291441,1,15,121.5,0.02915653192,49763
49763,13,49,23,3,C,6,14.99005298,121.4007625,1,14.5,121,0.633058081,50123
49883,13,51,23,3,C,6,14.89299145,121.1908759,0,14.5,121,0.4368934399,50123
50003,13,53,23,3,C,6,14.73450389,121.058403,0,14.5,121,0.2416670954,50123
50123,13,55,23,3,D,6,14.4403016,121.0035767,1,14,121.5,0.663552257,50603
50243,13,57,23,3,D,6,14.35589399,121.0212167,1,14,121.5,0.5965685165,50603
50363,13,59,23,3,D,6,14.10003792,121.1999494,0,14,121.5,0.3162877156,50603
50483,14,1,23,3,D,6,14.03615448,121.3133256,0,14,121.5,0.1901433163,50603
50603,14,3,23,3,A,6,14.05957128,121.7366908,0,14.5,122,0.5131366071,50963
50723,14,5,23,3,A,6,14.42329897,121.9940819,1,14.5,122,0.07692900541,50963
50843,14,7,23,3,A,6,14.49361546,121.9999592,1,14.5,122,0.006384672433,50963
50963,14,9,23,3,B,7,14.64172659,121.979493,1,15,121.5,0.5985594493,51323
51083,14,11,23,3,B,7,14.77668474,121.916468,0,15,121.5,0.4725624428,51323
51203,14,13,23,3,B,7,14.97202759,121.6648938,0,15,121.5,0.1672495404,51323
51323,14,15,23,3,C,7,14.93997799,121.2624724,0,14.5,121,0.5123205949,51683
51443,14,17,23,3,C,7,14.84005967,121.1334493,0,14.5,121,0.3653071225,51683
51563,14,19,23,3,C,7,14.75759237,121.0714604,0,14.5,121,0.2673208182,51683
51683,14,21,23,3,D,7,14.31088829,121.0371428,0,14,121.5,0.5575735739,52043
51803,14,23,23,3,D,7,14.24000989,121.0729108,0,14,121.5,0.4899080421,52043
51923,14,25,23,3,D,7,14.00133952,121.4634251,1,14,121.5,0.036599429,52043
52043,14,27,23,3,A,7,14.00015896,121.5126068,1,14.5,122,0.698135503,52643
52163,14,29,23,3,A,7,14.02230317,121.6476677,1,14.5,122,0.5935758967,52643
52283,14,31,23,3,A,7,14.05902126,121.7356645,0,14.5,122,0.514135687,52643
52403,14,33,23,3,A,7,14.19939849,121.8995482,0,14.5,122,0.3169413783,52643
52523,14,35,23,3,A,7,14.32618021,121.9688141,0,14.5,122,0.1765952384,52643
52643,14,37,23,3,B,8,14.57077167,121.994966,1,15,121.5,0.6551551917,53123
52763,14,39,23,3,B,8,14.7409723,121.9381008,0,15,121.5,0.5089476356,53123
52883,14,41,23,3,B,8,14.97166229,121.6659358,0,15,121.5,0.1683380861,53123
53003,14,43,23,3,B,8,14.99049898,121.597009,1,15,121.5,0.09747318257,53123
53123,14,45,23,3,C,8,14.99911247,121.4702218,1,14.5,121,0.685727206,53723
53243,14,47,23,3,C,8,14.99086441,121.4048573,1,14.5,121,0.6362839826,53723
53363,14,49,23,3,C,8,14.92300838,121.2334218,0,14.5,121,0.483137504,53723
53483,14,51,23,3,C,8,14.90442259,121.2059892,0,14.5,121,0.4538602906,53723
53603,14,53,23,3,C,8,14.81879155,121.1148092,0,14.5,121,0.3388350764,53723
53723,14,55,23,3,D,8,14.4955467,121.0000198,1,14,121.5,0.7039507787,54083
53843,14,57,23,3,D,8,14.24661568,121.068959,0,14,121.5,0.4966041433,54083
53963,14,59,23,3,D,8,14.00429068,121.4346374,1,14,121.5,0.06550325717,54083
54083,15,1,23,3,A,8,14.08117467,121.7731032,0,14.5,122,0.4763368806,54563
54203,15,3,23,3,A,8,14.08435256,121.7779158,0,14.5,122,0.471258083,54563
54323,15,5,23,3,A,8,14.21162181,121.9084581,0,14.5,122,0.3025589203,54563
54443,15,7,23,3,A,8,14.42037132,121.9936186,1,14.5,122,0.07988397615,54563
54563,15,9,23,3,B,9,14.79292611,121.905209,0,15,121.5,0.455053721,54803
54683,15,11,23,3,B,9,14.9792595,121.6425143,1,15,121.5,0.1440156385,54803
54803,15,13,23,3,C,9,14.995553,121.4334626,1,14.5,121,0.658378786,55163
54923,15,15,23,3,C,9,14.90596785,121.2081266,0,14.5,121,0.456208893,55163
55043,15,17,23,3,C,9,14.70800766,121.0453212,0,14.5,121,0.2128877546,55163
55163,15,19,23,3,D,9,14.3861139,121.0131428,1,14,121.5,0.6213806403,55643
55283,15,21,23,3,D,9,14.31846783,121.034118,0,14,121.5,0.5643295371,55643
55403,15,23,23,3,D,9,14.19595079,121.1030692,0,14,121.5,0.4426632882,55643
55523,15,25,23,3,D,9,14.00659056,121.4190857,1,14,121.5,0.08118229258,55643
55643,15,27,23,3,A,9,14.09548251,121.7938802,0,14.5,122,0.4540041316,56003
55763,15,29,23,3,A,9,14.20293825,121.9021869,0,14.5,122,0.3127508299,56003
55883,15,31,23,3,A,9,14.39255091,121.9883182,1,14.5,122,0.1080822415,56003
56003,15,33,23,3,B,10,14.52803116,121.9992136,1,15,121.5,0.6869998858,56363
56123,15,35,23,3,B,10,14.87070455,121.8355267,0,15,121.5,0.3595767673,56363
56243,15,37,23,3,B,10,14.96061018,121.6945206,0,15,121.5,0.1984686877,56363
56363,15,39,23,3,C,10,14.98678083,121.3857878,1,14.5,121,0.6211181881,56603
56483,15,41,23,3,C,10,14.68923516,121.0371933,0,14.5,121,0.1928556088,56603
56603,15,43,23,3,D,10,14.33316222,121.028656,0,14,121.5,0.577202063,56963
56723,15,45,23,3,D,10,14.09487585,121.2069566,0,14,121.5,0.3080192381,56963
56843,15,47,23,3,D,10,14.00021388,121.4853771,1,14,121.5,0.01462450192,56963
56963,15,49,23,3,A,10,14.03948162,121.6947378,0,14.5,122,0.5525053583,57323
57083,15,51,23,3,A,10,14.06828176,121.7522288,0,14.5,122,0.4977662253,57323
57203,15,53,23,3,A,10,14.14592638,121.8530324,0,14.5,122,0.3833635381,57323
50779,14,6,19,3,B,1,14.77253881,121.9191928,0,15,121.5,0.4769289122,51019
50899,14,8,19,3,B,1,14.82927596,121.8762676,0,15,121.5,0.4131876557,51019
51019,14,10,19,3,C,1,14.99535242,121.4319854,1,14.5,121,0.6572559929,51379
51139,14,12,19,3,C,1,14.98687994,121.3862111,1,14.5,121,0.6214588126,51379
51259,14,14,19,3,C,1,14.83678057,121.1304342,0,14.5,121,0.3611568107,51379
51379,14,16,19,3,D,1,14.38282539,121.0139238,1,14,121.5,0.6187288536,51619
51499,14,18,19,3,D,1,14.04423649,121.2943799,0,14,121.5,0.2103247356,51619
51619,14,20,19,3,A,1,14.04948543,121.7168793,0,14.5,122,0.532090901,51859
51739,14,22,19,3,A,1,14.38444955,121.9864649,1,14.5,122,0.1163404767,51859
51859,14,24,19,3,B,2,14.61873011,121.9856986,1,15,121.5,0.6174705599,52219
51979,14,26,19,3,B,2,14.85073577,121.8563487,0,15,121.5,0.386347293,52219
52099,14,28,19,3,B,2,14.99832318,121.5409147,1,15,121.5,0.04094899652,52219
52219,14,30,19,3,C,2,14.85590778,121.1488168,0,14.5,121,0.3857677876,52699
52339,14,32,19,3,C,2,14.8132256,121.1102697,0,14.5,121,0.3320687908,52699
52459,14,34,19,3,C,2,14.74878313,121.066287,0,14.5,121,0.2574626507,52699
52579,14,36,19,3,C,2,14.66807093,121.0290943,0,14.5,121,0.1705705631,52699
52699,14,38,19,3,D,2,14.20059012,121.0995581,0,14,121.5,0.4478728804,52939
52819,14,40,19,3,D,2,14.00185576,121.4569615,1,14,121.5,0.04307851227,52939
52939,14,42,19,3,A,2,14.05906005,121.7357371,0,14.5,122,0.5140651213,53179
53059,14,44,19,3,A,2,14.27057965,121.9442593,0,14.5,122,0.2360947366,53179
53179,14,46,19,3,B,3,14.65708568,121.9746831,0,15,121.5,0.5855888621,53419
53299,14,48,19,3,B,3,14.97870221,121.6443752,1,15,121.5,0.1459376205,53419
53419,14,50,19,3,C,3,14.98170791,121.3659944,1,14.5,121,0.6049747513,53779
53539,14,52,19,3,C,3,14.80992516,121.10764,0,14.5,121,0.328085303,53779
53659,14,54,19,3,C,3,14.76711313,121.0773292,0,14.5,121,0.2780813476,53779
53779,14,56,19,3,D,3,14.45307904,121.0022064,1,14,121.5,0.6731114645,54139
53899,14,58,19,3,D,3,14.17985931,121.1159298,0,14,121.5,0.424098237,54139
54019,15,0,19,3,D,3,14.00539516,121.4267467,1,14,121.5,0.0734517391,54139
54139,15,2,19,3,A,3,14.00327371,121.5571226,1,14.5,122,0.6654903448,54739
54259,15,4,19,3,A,3,14.26289251,121.9402045,0,14.5,122,0.2445310993,54739
54379,15,6,19,3,A,3,14.34043198,121.9738545,0,14.5,122,0.1616958313,54739
54499,15,8,19,3,A,3,14.39492278,121.9888341,1,14.5,122,0.10566882,54739
54619,15,10,19,3,A,3,14.45175645,121.9976671,1,14.5,122,0.04829991697,54739
54739,15,12,19,3,B,4,14.65710745,121.9746759,0,15,121.5,0.5855702813,55219
54859,15,14,19,3,B,4,14.84046063,121.8661783,0,15,121.5,0.3994237941,55219
54979,15,16,19,3,B,4,14.90684412,121.7906508,0,15,121.5,0.305214478,55219
55099,15,18,19,3,B,4,14.9600894,121.6957492,0,15,121.5,0.1997763722,55219
55219,15,20,19,3,C,4,14.94143546,121.2651921,0,14.5,121,0.5149680902,55579
55339,15,22,19,3,C,4,14.75019871,121.0671021,0,14.5,121,0.2590407009,55579
55459,15,24,19,3,C,4,14.62163256,121.0150201,1,14.5,121,0.1225564432,55579
55579,15,26,19,3,D,4,14.19274652,121.1055443,0,14,121.5,0.4390290603,56059
55699,15,28,19,3,D,4,14.10675223,121.191202,0,14,121.5,0.3267295995,56059
55819,15,30,19,3,D,4,14.09630568,121.20499,0,14,121.5,0.3103315674,56059
55939,15,32,19,3,D,4,14.00279281,121.4472268,1,14,121.5,0.05284708066,56059
56059,15,34,19,3,A,4,14.0000819,121.5090495,1,14.5,122,0.7006785976,56419
56179,15,36,19,3,A,4,14.03714492,121.6891168,0,14.5,122,0.5575689907,56419
56299,15,38,19,3,A,4,14.33668879,121.9725775,0,14.5,122,0.1655975425,56419
56419,15,40,19,3,B,5,14.7911835,121.906463,0,15,121.5,0.4569644416,56779
56539,15,42,19,3,B,5,14.87153644,121.8346053,0,15,121.5,0.3584181387,56779
56659,15,44,19,3,B,5,14.97454815,121.657493,0,15,121.5,0.1595363645,56779
56779,15,46,19,3,C,5,14.90473994,121.2064262,0,14.5,121,0.4543414882,57139
56899,15,48,19,3,C,5,14.88505609,121.1810458,0,14.5,121,0.4254947271,57139
57019,15,50,19,3,C,5,14.67329338,121.030991,0,14.5,121,0.1760427267,57139
57139,15,52,19,3,D,5,14.43594101,121.0041205,1,14,121.5,0.6602582886,57739
57259,15,54,19,3,D,5,14.33348098,121.0285433,0,14,121.5,0.5774781192,57739
57379,15,56,19,3,D,5,14.22814142,121.0803657,0,14,121.5,0.4776415218,57739
57499,15,58,19,3,D,5,14.13626528,121.15693,0,14,121.5,0.3691412694,57739
57619,16,0,19,3,D,5,14.05457083,121.2728594,0,14,121.5,0.2336040027,57739
57739,16,2,19,3,A,5,14.05809405,121.7339212,0,14.5,122,0.5158282507,57979
57859,16,4,19,3,A,5,14.44539178,121.997009,1,14.5,122,0.05469007342,57979
57979,16,6,19,3,B,6,14.84564039,121.8612931,0,15,121.5,0.3928862591,58339
58099,16,8,19,3,B,6,14.97130862,121.6669377,0,15,121.5,0.1693853106,58339
58219,16,10,19,3,B,6,14.99660783,121.5581435,1,15,121.5,0.05824233753,58339
58339,16,12,19,3,C,6,14.99996519,121.4941004,1,14.5,121,0.7029227729,58939
58459,16,14,19,3,C,6,14.87210084,121.1660225,0,14.5,121,0.4074585949,58939
58579,16,16,19,3,C,6,14.74243505,121.0627069,0,14.5,121,0.2504134733,58939
58699,16,18,19,3,C,6,14.71710244,121.0495929,0,14.5,121,0.2226946992,58939
58819,16,20,19,3,C,6,14.67431154,121.0313685,0,14.5,121,0.1771115391,58939
58939,16,22,19,3,D,6,14.270673,121.0556925,0,14,121.5,0.5202624311,59179
59059,16,24,19,3,D,6,14.02040684,121.3586126,1,14,121.5,0.1428525031,59179
59179,16,26,19,3,A,6,14.04376142,121.7045638,0,14.5,122,0.5435404039,59419
59299,16,28,19,3,A,6,14.36088386,121.9802569,1,14.5,122,0.1405101042,59419
59419,16,30,19,3,B,7,14.54019156,121.998382,1,15,121.5,0.6780917621,59779
59539,16,32,19,3,B,7,14.63331136,121.9819005,1,15,121.5,0.6055482173,59779
59659,16,34,19,3,B,7,14.94693186,121.7241694,0,15,121.5,0.2303652251,59779
59779,16,36,19,3,C,7,14.99929601,121.4734765,1,14.5,121,0.6880963189,60139
59899,16,38,19,3,C,7,14.89419902,121.1924173,0,14.5,121,0.4386539374,60139
60019,16,40,19,3,C,7,14.7970091,121.0977742,0,14.5,121,0.3126886659,60139
60139,16,42,19,3,D,7,14.41161547,121.0078738,1,14,121.5,0.6415726503,60499
60259,16,44,19,3,D,7,14.28919285,121.0466124,0,14,121.5,0.5377665385,60499
60379,16,46,19,3,D,7,14.03546525,121.3150474,0,14,121.5,0.1883221919,60499
60499,16,48,19,3,A,7,14.06068936,121.7387596,0,14.5,122,0.5111167789,60739
60619,16,50,19,3,A,7,14.36422225,121.9812114,1,14.5,122,0.1370715464,60739
60739,16,52,19,3,B,8,14.78031787,121.9140313,0,15,121.5,0.4687026074,61099
60859,16,54,19,3,B,8,14.80226495,121.8982912,0,15,121.5,0.4446740928,61099
60979,16,56,19,3,B,8,14.98787119,121.609461,1,15,121.5,0.1101308705,61099
61099,16,58,19,3,C,8,14.98422336,121.3753897,1,14.5,121,0.6126905122,61459
61219,17,0,19,3,C,8,14.80469255,121.1035628,0,14.5,121,0.32181175,61459
61339,17,2,19,3,C,8,14.7308288,121.0564709,0,14.5,121,0.2376360571,61459
61459,17,4,19,3,D,8,14.40897329,121.0083557,1,14,121.5,0.6395101981,61939
61579,17,6,19,3,D,8,14.27490394,121.0535341,0,14,121.5,0.5243128286,61939
61699,17,8,19,3,D,8,14.09590821,121.2055347,0,14,121.5,0.3096905081,61939
61819,17,10,19,3,D,8,14.00084139,121.4710055,1,14,121.5,0.02900674473,61939
61939,17,12,19,3,A,8,14.06976543,121.7547513,0,14.5,122,0.4952259231,62179
62059,17,14,19,3,A,8,14.26259069,121.9400418,0,14.5,122,0.2448635524,62179
62179,17,16,19,3,B,9,14.50533777,121.9999715,1,15,121.5,0.7033222816,62539
62299,17,18,19,3,B,9,14.89794815,121.8027165,0,15,121.5,0.3194555578,62539
62419,17,20,19,3,B,9,14.95150984,121.7147996,0,15,121.5,0.2202048231,62539
62539,17,22,19,3,C,9,14.93097139,121.2464972,0,14.5,121,0.4964848599,62779
62659,17,24,19,3,C,9,14.54639512,121.0021572,1,14.5,121,0.04644524698,62779
62779,17,26,19,3,D,9,14.49402852,121.0000357,1,14,121.5,0.7028716209,63379
62899,17,28,19,3,D,9,14.14029211,121.1527102,0,14,121.5,0.3745558786,63379
63019,17,30,19,3,D,9,14.07411178,121.2380473,0,14,121.5,0.2722347863,63379
63139,17,32,19,3,D,9,14.00789312,121.4115081,1,14,121.5,0.08884322807,63379
63259,17,34,19,3,D,9,14.00558925,121.4254479,1,14,121.5,0.07476130212,63379
63379,17,36,19,3,A,9,14.14121979,121.8482481,0,14.5,122,0.3895534232,63619
63499,17,38,19,3,A,9,14.20978998,121.9071586,0,14.5,122,0.3046988294,63619
63619,17,40,19,3,B,10,14.65240286,121.9762073,1,15,121.5,0.5895736906,63859
63739,17,42,19,3,B,10,14.92480097,121.7637122,0,15,121.5,0.2742244141,63859
63859,17,44,19,3,C,10,14.98236783,121.3683897,1,14.5,121,0.6069511311,64219
63979,17,46,19,3,C,10,14.8417125,121.1349896,0,14.5,121,0.3674093538,64219
64099,17,48,19,3,C,10,14.79197318,121.0941039,0,14.5,121,0.3067635526,64219
64219,17,50,19,3,D,10,14.45890167,121.0016919,1,14,121.5,0.6774228151,64579
64339,17,52,19,3,D,10,14.1360385,121.1571706,0,14,121.5,0.368833971,64579
64459,17,54,19,3,D,10,14.03923109,121.3058557,0,14,121.5,0.198068391,64579
64579,17,56,19,3,A,10,14.0765614,121.7658943,0,14.5,122,0.4838447504,64819
64699,17,58,19,3,A,10,14.24272735,121.9287316,0,14.5,122,0.2669614208,64819
64819,18,0,19,3,B,11,14.57050777,121.9950037,1,15,121.5,0.655356568,65299
64939,18,2,19,3,B,11,14.65151106,121.9764918,1,15,121.5,0.590329518,65299
65059,18,4,19,3,B,11,14.8939261,121.8079322,0,15,121.5,0.3256898893,65299
65179,18,6,19,3,B,11,14.99475109,121.572259,1,15,121.5,0.07244937313,65299
65299,18,8,19,3,C,11,14.93309718,121.2501464,0,14.5,121,0.5001463507,65539
65419,18,10,19,3,C,11,14.7257648,121.0538719,0,14.5,121,0.2321032695,65539
65539,18,12,19,3,D,11,14.38056088,121.0144752,1,14,121.5,0.6168961638,65899
65659,18,14,19,3,D,11,14.05591398,121.2702445,0,14,121.5,0.2364613795,65899
65779,18,16,19,3,D,11,14.02997824,121.3294727,0,14,121.5,0.1731422526,65899
65899,18,18,19,3,A,11,14.00342353,121.5584107,1,14.5,122,0.6645218911,66259
66019,18,20,19,3,A,11,14.17154576,121.8769852,0,14.5,122,0.3507347161,66259
66139,18,22,19,3,A,11,14.31874334,121.9659893,0,14.5,122,0.1844199112,66259
66259,18,24,19,3,B,12,14.76153939,121.9261422,0,15,121.5,0.4883242863,66619
66379,18,26,19,3,B,12,14.99731063,121.5517893,1,15,121.5,0.05185909363,66619
66499,18,28,19,3,B,12,14.99993741,121.5079109,1,15,121.5,0.007911108294,66619
66619,18,30,19,3,C,12,14.90801822,121.2109998,0,14.5,121,0.4593471129,66859
66739,18,32,19,3,C,12,14.58774816,121.00776,1,14.5,121,0.08809061174,66859