$GPGGA,16:55:15+00:00,1437.97238,12104.48083,88.0,76.30000305175781,29.700000762939453
$GPGGA,16:55:16+00:00,1437.97267,12104.48069,88.2,76.30000305175781,29.700000762939453
$GPGGA,16:55:17+00:00,1437.97295,12104.48056,88.3,76.30000305175781,29.700000762939453
$GPGGA,16:55:18+00:00,1437.97321,12104.48047,88.3,76.30000305175781,29.700000762939453
$GPGGA,16:55:19+00:00,1437.97353,12104.48042,88.2,76.30000305175781,29.700000762939453
$GPGGA,16:55:20+00:00,1437.97386,12104.48039,88.3,76.30000305175781,29.799999237060547
$GPGGA,16:55:21+00:00,1437.97416,12104.48039,88.4,76.30000305175781,29.799999237060547
$GPGGA,16:55:22+00:00,1437.97454,12104.48031,88.5,76.30000305175781,29.799999237060547
$GPGGA,16:55:23+00:00,1437.97483,12104.48023,88.6,76.30000305175781,29.799999237060547
$GPGGA,16:55:24+00:00,1437.97511,12104.48016,88.6,76.30000305175781,29.799999237060547
$GPGGA,16:55:25+00:00,1437.97537,12104.48014,88.8,76.19999694824219,29.799999237060547
$GPGGA,16:55:26+00:00,1437.97568,12104.48016,89.1,76.19999694824219,29.799999237060547
$GPGGA,16:55:27+00:00,1437.97599,12104.48018,89.6,76.19999694824219,29.799999237060547
$GPGGA,16:55:28+00:00,1437.97623,12104.48016,89.8,76.19999694824219,29.799999237060547
$GPGGA,16:55:29+00:00,1437.97647,12104.48017,90.2,76.19999694824219,29.799999237060547
$GPGGA,16:55:30+00:00,1437.97678,12104.48018,90.6,76.19999694824219,29.799999237060547
$GPGGA,16:55:31+00:00,1437.97705,12104.48020,91.1,76.19999694824219,29.799999237060547
$GPGGA,16:55:32+00:00,1437.97731,12104.48021,91.4,76.19999694824219,29.799999237060547
$GPGGA,16:55:33+00:00,1437.97759,12104.48024,92.0,76.19999694824219,29.799999237060547
$GPGGA,16:55:34+00:00,1437.97789,12104.48025,92.5,76.19999694824219,29.799999237060547
$GPGGA,16:55:35+00:00,1437.97823,12104.48022,92.9,76.0999984741211,29.799999237060547
$GPGGA,16:55:36+00:00,1437.97850,12104.48022,93.2,76.0999984741211,29.799999237060547
$GPGGA,16:55:37+00:00,1437.97866,12104.48022,93.7,76.0999984741211,29.799999237060547
$GPGGA,16:55:38+00:00,1437.97892,12104.48024,94.2,76.0999984741211,29.799999237060547
$GPGGA,16:55:39+00:00,1437.97919,12104.48018,94.4,76.0999984741211,29.799999237060547
$GPGGA,16:55:40+00:00,1437.97951,12104.48016,94.8,76.0999984741211,29.799999237060547
$GPGGA,16:55:41+00:00,1437.97982,12104.48014,95.2,76.0999984741211,29.799999237060547
$GPGGA,16:55:42+00:00,1437.98012,12104.48016,95.6,76.0999984741211,29.799999237060547
$GPGGA,16:55:43+00:00,1437.98037,12104.48019,96.1,76.0999984741211,29.799999237060547
$GPGGA,16:55:44+00:00,1437.98044,12104.48019,96.4,76.0999984741211,29.799999237060547
$GPGGA,16:55:45+00:00,1437.98057,12104.48021,96.8,76.0,29.799999237060547
$GPGGA,16:55:46+00:00,1437.98078,12104.48026,97.3,76.0,29.799999237060547
$GPGGA,16:55:47+00:00,1437.98099,12104.48032,97.8,76.0,29.799999237060547
$GPGGA,16:55:48+00:00,1437.98125,12104.48034,98.3,76.0,29.799999237060547
$GPGGA,16:55:49+00:00,1437.98153,12104.48043,99.0,76.0,29.799999237060547
$GPGGA,16:55:50+00:00,1437.98182,12104.48049,99.6,76.0,29.799999237060547
$GPGGA,16:55:51+00:00,1437.98210,12104.48056,100.3,76.0,29.799999237060547
$GPGGA,16:55:52+00:00,1437.98237,12104.48065,101.1,76.0,29.799999237060547
$GPGGA,16:55:53+00:00,1437.98264,12104.48072,102.0,76.0,29.799999237060547
$GPGGA,16:55:54+00:00,1437.98284,12104.48079,102.7,76.0,29.799999237060547
$GPGGA,16:55:55+00:00,1437.98305,12104.48082,103.4,76.0,29.799999237060547
$GPGGA,16:55:56+00:00,1437.98322,12104.48085,104.1,76.0,29.799999237060547
$GPGGA,16:55:57+00:00,1437.98337,12104.48089,104.8,76.0,29.799999237060547
$GPGGA,16:55:58+00:00,1437.98353,12104.48093,105.5,76.0,29.799999237060547
$GPGGA,16:55:59+00:00,1437.98374,12104.48096,106.3,76.0,29.799999237060547
$GPGGA,16:56:00+00:00,1437.98394,12104.48099,107.0,76.0,29.799999237060547
$GPGGA,16:56:01+00:00,1437.98413,12104.48104,107.7,76.0,29.799999237060547
$GPGGA,16:56:02+00:00,1437.98432,12104.48110,108.4,76.0,29.799999237060547
$GPGGA,16:56:03+00:00,1437.98447,12104.48118,109.1,76.0,29.799999237060547
$GPGGA,16:56:04+00:00,1437.98459,12104.48127,109.6,76.0,29.799999237060547
$GPGGA,16:56:05+00:00,1437.98471,12104.48133,110.0,76.0,29.799999237060547
$GPGGA,16:56:06+00:00,1437.98480,12104.48137,110.3,76.0,29.799999237060547
$GPGGA,16:56:07+00:00,1437.98483,12104.48139,110.4,76.0,29.799999237060547
$GPGGA,16:56:08+00:00,1437.98487,12104.48141,110.5,76.0,29.799999237060547
$GPGGA,16:56:09+00:00,1437.98488,12104.48141,110.4,76.0,29.799999237060547
$GPGGA,16:56:10+00:00,1437.98494,12104.48137,110.3,76.0,29.799999237060547
$GPGGA,16:56:11+00:00,1437.98499,12104.48133,110.3,76.0,29.799999237060547
$GPGGA,16:56:12+00:00,1437.98505,12104.48131,110.3,76.0,29.799999237060547
$GPGGA,16:56:13+00:00,1437.98515,12104.48128,110.3,76.0,29.799999237060547
$GPGGA,16:56:14+00:00,1437.98522,12104.48126,110.4,76.0,29.799999237060547
$GPGGA,16:56:15+00:00,1437.98527,12104.48123,110.2,76.0,29.799999237060547
$GPGGA,16:56:16+00:00,1437.98531,12104.48122,110.2,76.0,29.799999237060547
$GPGGA,16:56:17+00:00,1437.98537,12104.48120,110.2,76.0,29.799999237060547
$GPGGA,16:56:18+00:00,1437.98546,12104.48119,110.3,76.0,29.799999237060547
$GPGGA,16:56:19+00:00,1437.98551,12104.48120,110.3,76.0,29.799999237060547
$GPGGA,16:56:20+00:00,1437.98550,12104.48124,110.3,76.0,29.799999237060547
$GPGGA,16:56:21+00:00,1437.98555,12104.48128,110.5,76.0,29.799999237060547
$GPGGA,16:56:22+00:00,1437.98562,12104.48132,110.6,76.0,29.799999237060547
$GPGGA,16:56:23+00:00,1437.98567,12104.48140,110.7,76.0,29.799999237060547
$GPGGA,16:56:24+00:00,1437.98570,12104.48146,110.5,76.0,29.799999237060547
$GPGGA,16:56:25+00:00,1437.98562,12104.48151,110.3,76.0,29.799999237060547
$GPGGA,16:56:26+00:00,1437.98548,12104.48157,110.0,76.0,29.799999237060547
$GPGGA,16:56:27+00:00,1437.98541,12104.48161,109.8,76.0,29.799999237060547
$GPGGA,16:56:28+00:00,1437.98537,12104.48162,109.7,76.0,29.799999237060547
$GPGGA,16:56:29+00:00,1437.98535,12104.48161,109.4,76.0,29.799999237060547
$GPGGA,16:56:30+00:00,1437.98530,12104.48159,109.1,76.0,29.799999237060547
$GPGGA,16:56:31+00:00,1437.98519,12104.48159,108.8,76.0,29.799999237060547
$GPGGA,16:56:32+00:00,1437.98504,12104.48158,108.5,76.0,29.799999237060547
$GPGGA,16:56:33+00:00,1437.98486,12104.48159,108.3,76.0,29.799999237060547
$GPGGA,16:56:34+00:00,1437.98462,12104.48161,107.9,76.0,29.799999237060547
$GPGGA,16:56:35+00:00,1437.98444,12104.48161,107.5,76.0,29.799999237060547
$GPGGA,16:56:36+00:00,1437.98425,12104.48160,107.0,76.0,29.799999237060547
$GPGGA,16:56:37+00:00,1437.98409,12104.48159,106.6,76.0,29.799999237060547
$GPGGA,16:56:38+00:00,1437.98388,12104.48164,106.1,76.0,29.799999237060547
$GPGGA,16:56:39+00:00,1437.98349,12104.48167,105.6,76.0,29.799999237060547
$GPGGA,16:56:40+00:00,1437.98355,12104.48147,105.1,76.0999984741211,29.799999237060547
$GPGGA,16:56:42.450000+00:00,,,,76.0999984741211,29.799999237060547
$GPGGA,16:56:43+00:00,,,,76.0999984741211,29.799999237060547
$GPGGA,16:56:44+00:00,,,,76.0999984741211,29.799999237060547
$GPGGA,16:56:45+00:00,,,,76.5,29.799999237060547
$GPGGA,16:56:46+00:00,,,,76.5,29.799999237060547
$GPGGA,16:56:47+00:00,,,,76.5,29.799999237060547
$GPGGA,16:56:48+00:00,,,,76.5,29.799999237060547
$GPGGA,16:56:49+00:00,,,,76.5,29.799999237060547
$GPGGA,16:56:50+00:00,,,,76.69999694824219,29.799999237060547
$GPGGA,16:56:51+00:00,,,,76.69999694824219,29.799999237060547
$GPGGA,16:56:52+00:00,,,,76.69999694824219,29.799999237060547
$GPGGA,16:56:53+00:00,,,,76.69999694824219,29.799999237060547
$GPGGA,16:56:54+00:00,,,,76.69999694824219,29.799999237060547
$GPGGA,16:56:55+00:00,,,,77.0999984741211,29.799999237060547
$GPGGA,16:56:56+00:00,,,,77.0999984741211,29.799999237060547
$GPGGA,16:56:57+00:00,,,,77.0999984741211,29.799999237060547
$GPGGA,16:56:58+00:00,,,,77.0999984741211,29.799999237060547
$GPGGA,16:56:59+00:00,,,,77.0999984741211,29.799999237060547
$GPGGA,16:57:00+00:00,,,,76.80000305175781,29.899999618530273
$GPGGA,16:57:01+00:00,,,,76.80000305175781,29.899999618530273
$GPGGA,16:57:02+00:00,,,,76.80000305175781,29.899999618530273
$GPGGA,16:57:03+00:00,,,,76.80000305175781,29.899999618530273
$GPGGA,16:57:04+00:00,,,,76.80000305175781,29.899999618530273
$GPGGA,16:57:05+00:00,,,,76.5,29.899999618530273
$GPGGA,16:57:06+00:00,,,,76.5,29.899999618530273
$GPGGA,16:57:07+00:00,,,,76.5,29.899999618530273
$GPGGA,16:57:08+00:00,,,,76.5,29.899999618530273
$GPGGA,16:57:09+00:00,,,,76.5,29.899999618530273
$GPGGA,16:57:10+00:00,,,,76.19999694824219,29.899999618530273
$GPGGA,16:57:11+00:00,,,,76.19999694824219,29.899999618530273
$GPGGA,16:57:12+00:00,,,,76.19999694824219,29.899999618530273
$GPGGA,16:57:13+00:00,,,,76.19999694824219,29.899999618530273
$GPGGA,16:57:14+00:00,,,,76.19999694824219,29.899999618530273
$GPGGA,16:57:15+00:00,,,,76.0,29.899999618530273
$GPGGA,16:57:16+00:00,,,,76.0,29.899999618530273
$GPGGA,16:57:17+00:00,,,,76.0,29.899999618530273
$GPGGA,16:57:18+00:00,,,,76.0,29.899999618530273
$GPGGA,16:57:19+00:00,,,,76.0,29.899999618530273
$GPGGA,16:57:20+00:00,,,,75.9000015258789,29.899999618530273
$GPGGA,16:57:21+00:00,,,,75.9000015258789,29.899999618530273
$GPGGA,16:57:22+00:00,,,,75.9000015258789,29.899999618530273
$GPGGA,16:57:23+00:00,,,,75.9000015258789,29.899999618530273
$GPGGA,16:57:24+00:00,,,,75.9000015258789,29.899999618530273
$GPGGA,16:57:25+00:00,,,,75.80000305175781,29.899999618530273
$GPGGA,16:57:26+00:00,,,,75.80000305175781,29.899999618530273
$GPGGA,16:57:27+00:00,,,,75.80000305175781,29.899999618530273
$GPGGA,16:57:28+00:00,,,,75.80000305175781,29.899999618530273
$GPGGA,16:57:29+00:00,,,,75.80000305175781,29.899999618530273
$GPGGA,16:57:30+00:00,,,,75.69999694824219,29.899999618530273
$GPGGA,16:57:31+00:00,,,,75.69999694824219,29.899999618530273
$GPGGA,16:57:32+00:00,,,,75.69999694824219,29.899999618530273
$GPGGA,16:57:33+00:00,,,,75.69999694824219,29.899999618530273
$GPGGA,16:57:34+00:00,,,,75.69999694824219,29.899999618530273
$GPGGA,16:57:35+00:00,,,,75.69999694824219,29.899999618530273
$GPGGA,16:57:36+00:00,,,,75.69999694824219,29.899999618530273
$GPGGA,16:57:37+00:00,,,,75.69999694824219,29.899999618530273
$GPGGA,16:57:38+00:00,,,,75.69999694824219,29.899999618530273
$GPGGA,16:57:39+00:00,,,,75.69999694824219,29.899999618530273
$GPGGA,16:57:40+00:00,,,,75.69999694824219,29.899999618530273
$GPGGA,16:57:41+00:00,,,,75.69999694824219,29.899999618530273
$GPGGA,16:57:42+00:00,,,,75.69999694824219,29.899999618530273
$GPGGA,16:57:43+00:00,,,,75.69999694824219,29.899999618530273
$GPGGA,16:57:44+00:00,,,,75.69999694824219,29.899999618530273
$GPGGA,16:57:45+00:00,,,,75.80000305175781,29.899999618530273
$GPGGA,16:57:46+00:00,,,,75.80000305175781,29.899999618530273
$GPGGA,16:57:47+00:00,,,,75.80000305175781,29.899999618530273
$GPGGA,16:57:48+00:00,,,,75.80000305175781,29.899999618530273
$GPGGA,16:57:49+00:00,,,,75.80000305175781,29.899999618530273
$GPGGA,16:57:50+00:00,,,,75.9000015258789,29.899999618530273
$GPGGA,16:57:51+00:00,,,,75.9000015258789,29.899999618530273
$GPGGA,16:57:52+00:00,,,,75.9000015258789,29.899999618530273
$GPGGA,16:57:53+00:00,,,,75.9000015258789,29.899999618530273
$GPGGA,16:57:54+00:00,,,,75.9000015258789,29.899999618530273
$GPGGA,16:57:55+00:00,,,,75.9000015258789,29.899999618530273
$GPGGA,16:57:56+00:00,,,,75.9000015258789,29.899999618530273
$GPGGA,16:57:57+00:00,,,,75.9000015258789,29.899999618530273
$GPGGA,16:57:58+00:00,,,,75.9000015258789,29.899999618530273
$GPGGA,16:57:59+00:00,,,,75.9000015258789,29.899999618530273
$GPGGA,16:58:00+00:00,,,,75.9000015258789,29.899999618530273
$GPGGA,16:58:01+00:00,,,,75.9000015258789,29.899999618530273
$GPGGA,16:58:02+00:00,,,,75.9000015258789,29.899999618530273
$GPGGA,16:58:03+00:00,,,,75.9000015258789,29.899999618530273
$GPGGA,16:58:04+00:00,,,,75.9000015258789,29.899999618530273
$GPGGA,16:58:05+00:00,,,,75.9000015258789,29.899999618530273
$GPGGA,16:58:06+00:00,,,,75.9000015258789,29.899999618530273
$GPGGA,16:58:07+00:00,,,,75.9000015258789,29.899999618530273
$GPGGA,16:58:08+00:00,,,,75.9000015258789,29.899999618530273
$GPGGA,16:58:09+00:00,,,,75.9000015258789,29.899999618530273
$GPGGA,16:58:10+00:00,,,,76.0,29.799999237060547
$GPGGA,16:58:11+00:00,,,,76.0,29.799999237060547
$GPGGA,16:58:12+00:00,,,,76.0,29.799999237060547
$GPGGA,16:58:13+00:00,,,,76.0,29.799999237060547
$GPGGA,16:58:14+00:00,,,,76.0,29.799999237060547
$GPGGA,16:58:15+00:00,,,,76.0,29.899999618530273
$GPGGA,16:58:16+00:00,,,,76.0,29.899999618530273
$GPGGA,16:58:17+00:00,,,,76.0,29.899999618530273
$GPGGA,16:58:18+00:00,,,,76.0,29.899999618530273
$GPGGA,16:58:19+00:00,,,,76.0,29.899999618530273
$GPGGA,16:58:20+00:00,,,,76.0,29.899999618530273
$GPGGA,16:58:21+00:00,,,,76.0,29.899999618530273
$GPGGA,16:58:22+00:00,,,,76.0,29.899999618530273
$GPGGA,16:58:23+00:00,,,,76.0,29.899999618530273
$GPGGA,16:58:24+00:00,,,,76.0,29.899999618530273
$GPGGA,16:58:25+00:00,,,,76.0,29.799999237060547
$GPGGA,16:58:26+00:00,,,,76.0,29.799999237060547
$GPGGA,16:58:27+00:00,,,,76.0,29.799999237060547
$GPGGA,16:58:28+00:00,,,,76.0,29.799999237060547
$GPGGA,16:58:29+00:00,,,,76.0,29.799999237060547
$GPGGA,16:58:30+00:00,,,,76.0,29.799999237060547
$GPGGA,16:58:31+00:00,,,,76.0,29.799999237060547
$GPGGA,16:58:32+00:00,,,,76.0,29.799999237060547
$GPGGA,16:58:33+00:00,,,,76.0,29.799999237060547
$GPGGA,16:58:34+00:00,,,,76.0,29.799999237060547
$GPGGA,16:58:35+00:00,,,,76.0,29.899999618530273
$GPGGA,16:58:36+00:00,,,,76.0,29.899999618530273
$GPGGA,16:58:37+00:00,,,,76.0,29.899999618530273
$GPGGA,16:58:38+00:00,,,,76.0,29.899999618530273
$GPGGA,16:58:39+00:00,,,,76.0,29.899999618530273
$GPGGA,16:58:40+00:00,,,,76.0,29.799999237060547
$GPGGA,16:58:41+00:00,,,,76.0,29.799999237060547
$GPGGA,16:58:42+00:00,,,,76.0,29.799999237060547
$GPGGA,16:58:43+00:00,,,,76.0,29.799999237060547
$GPGGA,16:58:44+00:00,,,,76.0,29.799999237060547
$GPGGA,16:58:45+00:00,,,,76.0,29.799999237060547
$GPGGA,16:58:46+00:00,,,,76.0,29.799999237060547
$GPGGA,16:58:47+00:00,,,,76.0,29.799999237060547
$GPGGA,16:58:48+00:00,,,,76.0,29.799999237060547
$GPGGA,16:58:49+00:00,,,,76.0,29.799999237060547
$GPGGA,16:58:50+00:00,,,,76.0,29.799999237060547
$GPGGA,16:58:51+00:00,,,,76.0,29.799999237060547
$GPGGA,16:58:52+00:00,,,,76.0,29.799999237060547
$GPGGA,16:58:53+00:00,,,,76.0,29.799999237060547
$GPGGA,16:58:54+00:00,,,,76.0,29.799999237060547
$GPGGA,16:58:55+00:00,,,,76.0,29.799999237060547
$GPGGA,16:58:56+00:00,,,,76.0,29.799999237060547
$GPGGA,16:58:57+00:00,,,,76.0,29.799999237060547
$GPGGA,16:58:58+00:00,,,,76.0,29.799999237060547
$GPGGA,16:58:59+00:00,,,,76.0,29.799999237060547
$GPGGA,16:59:00+00:00,,,,76.0999984741211,29.799999237060547
$GPGGA,16:59:01+00:00,,,,76.0999984741211,29.799999237060547
$GPGGA,16:59:02+00:00,,,,76.0999984741211,29.799999237060547
$GPGGA,16:59:03+00:00,,,,76.0999984741211,29.799999237060547
$GPGGA,16:59:04+00:00,,,,76.0999984741211,29.799999237060547
$GPGGA,16:59:05+00:00,,,,76.0999984741211,29.799999237060547
$GPGGA,16:59:06+00:00,,,,76.0999984741211,29.799999237060547
$GPGGA,16:59:07+00:00,,,,76.0999984741211,29.799999237060547
$GPGGA,16:59:08+00:00,,,,76.0999984741211,29.799999237060547
$GPGGA,16:59:09+00:00,,,,76.0999984741211,29.799999237060547
$GPGGA,16:59:10+00:00,,,,76.0999984741211,29.799999237060547
$GPGGA,16:59:11+00:00,,,,76.0999984741211,29.799999237060547
$GPGGA,16:59:12+00:00,,,,76.0999984741211,29.799999237060547
$GPGGA,16:59:13+00:00,,,,76.0999984741211,29.799999237060547
$GPGGA,16:59:14+00:00,,,,76.0999984741211,29.799999237060547
$GPGGA,16:59:15+00:00,,,,76.19999694824219,29.799999237060547
$GPGGA,16:59:16+00:00,,,,76.19999694824219,29.799999237060547
$GPGGA,16:59:17+00:00,,,,76.19999694824219,29.799999237060547
$GPGGA,16:59:18+00:00,,,,76.19999694824219,29.799999237060547
$GPGGA,16:59:19+00:00,,,,76.19999694824219,29.799999237060547
$GPGGA,16:59:20+00:00,,,,76.19999694824219,29.799999237060547
$GPGGA,16:59:21+00:00,,,,76.19999694824219,29.799999237060547
$GPGGA,16:59:22+00:00,,,,76.19999694824219,29.799999237060547
$GPGGA,16:59:23+00:00,,,,76.19999694824219,29.799999237060547
$GPGGA,16:59:24+00:00,,,,76.19999694824219,29.799999237060547
                                                                                                             $GPGGA,17:13:07+00:00,,,,79.5,29.0
$GPGGA,17:13:08+00:00,,,,79.5,29.0
$GPGGA,17:13:09+00:00,,,,79.5,29.0
$GPGGA,17:13:10+00:00,,,,79.4000015258789,29.0
$GPGGA,17:13:11+00:00,,,,79.4000015258789,29.0
$GPGGA,17:13:12+00:00,,,,79.4000015258789,29.0
$GPGGA,17:13:14+00:00,,,,79.4000015258789,29.0
$GPGGA,17:13:15+00:00,,,,79.4000015258789,29.0
$GPGGA,17:13:16+00:00,,,,79.4000015258789,29.0
$GPGGA,17:13:17+00:00,,,,79.4000015258789,29.0
$GPGGA,17:13:18+00:00,,,,79.4000015258789,29.0
$GPGGA,17:13:19+00:00,,,,79.4000015258789,29.0
$GPGGA,17:13:20+00:00,,,,79.5,29.0
$GPGGA,17:13:21+00:00,,,,79.5,29.0
$GPGGA,17:13:22+00:00,,,,79.5,29.0
$GPGGA,17:13:23+00:00,,,,79.5,29.0
$GPGGA,17:13:24+00:00,,,,79.5,29.0
$GPGGA,17:13:25+00:00,,,,79.5,29.100000381469727
$GPGGA,17:13:26+00:00,,,,79.5,29.100000381469727
$GPGGA,17:13:27+00:00,,,,79.5,29.100000381469727
$GPGGA,17:13:28+00:00,,,,79.5,29.100000381469727
$GPGGA,17:13:29+00:00,,,,79.5,29.100000381469727
$GPGGA,17:13:30+00:00,,,,79.4000015258789,29.100000381469727
$GPGGA,17:13:31+00:00,,,,79.4000015258789,29.100000381469727
$GPGGA,17:13:32+00:00,,,,79.4000015258789,29.100000381469727
$GPGGA,17:13:33+00:00,,,,79.4000015258789,29.100000381469727
$GPGGA,17:13:34+00:00,,,,79.4000015258789,29.100000381469727
$GPGGA,17:13:35+00:00,,,,79.4000015258789,29.100000381469727
$GPGGA,17:13:36+00:00,,,,79.4000015258789,29.100000381469727
$GPGGA,17:13:37+00:00,,,,79.4000015258789,29.100000381469727
$GPGGA,17:13:38+00:00,,,,79.4000015258789,29.100000381469727
$GPGGA,17:13:39+00:00,,,,79.4000015258789,29.100000381469727
$GPGGA,17:13:40+00:00,,,,79.4000015258789,29.100000381469727
$GPGGA,17:13:41+00:00,,,,79.4000015258789,29.100000381469727
$GPGGA,17:13:42+00:00,,,,79.4000015258789,29.100000381469727
$GPGGA,17:13:43+00:00,,,,79.4000015258789,29.100000381469727
$GPGGA,17:13:44+00:00,,,,79.4000015258789,29.100000381469727
$GPGGA,17:13:45+00:00,,,,79.5,29.100000381469727
$GPGGA,17:13:46+00:00,,,,79.5,29.100000381469727
$GPGGA,17:13:47+00:00,,,,79.5,29.100000381469727
$GPGGA,17:13:48+00:00,,,,79.5,29.100000381469727
$GPGGA,17:13:49+00:00,,,,79.5,29.100000381469727
$GPGGA,17:13:50+00:00,,,,79.5999984741211,29.100000381469727
$GPGGA,17:13:51+00:00,,,,79.5999984741211,29.100000381469727
$GPGGA,17:13:52+00:00,,,,79.5999984741211,29.100000381469727
$GPGGA,17:13:53+00:00,,,,79.5999984741211,29.100000381469727
$GPGGA,17:13:54+00:00,,,,79.5999984741211,29.100000381469727
$GPGGA,17:13:55+00:00,,,,79.80000305175781,29.100000381469727
$GPGGA,17:13:56+00:00,,,,79.80000305175781,29.100000381469727
$GPGGA,17:13:57+00:00,,,,79.80000305175781,29.100000381469727
$GPGGA,17:13:58+00:00,,,,79.80000305175781,29.100000381469727
$GPGGA,17:13:59+00:00,,,,79.80000305175781,29.100000381469727
$GPGGA,17:14:00+00:00,,,,80.0,29.100000381469727
$GPGGA,17:14:01+00:00,,,,80.0,29.100000381469727
$GPGGA,17:14:02+00:00,,,,80.0,29.100000381469727
$GPGGA,17:14:03+00:00,,,,80.0,29.100000381469727
$GPGGA,17:14:04+00:00,,,,80.0,29.100000381469727
$GPGGA,17:14:05+00:00,,,,80.0,29.200000762939453
$GPGGA,17:14:06+00:00,,,,80.0,29.200000762939453
$GPGGA,17:14:07+00:00,,,,80.0,29.200000762939453
$GPGGA,17:14:08+00:00,,,,80.0,29.200000762939453
$GPGGA,17:14:09+00:00,,,,80.0,29.200000762939453
$GPGGA,17:14:10+00:00,,,,80.0999984741211,29.200000762939453
$GPGGA,17:14:11+00:00,,,,80.0999984741211,29.200000762939453
$GPGGA,17:14:12+00:00,,,,80.0999984741211,29.200000762939453
$GPGGA,17:14:13+00:00,,,,80.0999984741211,29.200000762939453
$GPGGA,17:14:14+00:00,,,,80.0999984741211,29.200000762939453
$GPGGA,17:14:15+00:00,,,,80.30000305175781,29.200000762939453
$GPGGA,17:14:16+00:00,,,,80.30000305175781,29.200000762939453
$GPGGA,17:14:17+00:00,,,,80.30000305175781,29.200000762939453
$GPGGA,17:14:18+00:00,,,,80.30000305175781,29.200000762939453
$GPGGA,17:14:19+00:00,,,,80.30000305175781,29.200000762939453
$GPGGA,17:14:20+00:00,,,,80.30000305175781,29.200000762939453
$GPGGA,17:14:21+00:00,,,,80.30000305175781,29.200000762939453
$GPGGA,17:14:22+00:00,,,,80.30000305175781,29.200000762939453
$GPGGA,17:14:23+00:00,,,,80.30000305175781,29.200000762939453
$GPGGA,17:14:24+00:00,,,,80.30000305175781,29.200000762939453
$GPGGA,17:14:25+00:00,,,,80.19999694824219,29.299999237060547
$GPGGA,17:14:26+00:00,,,,80.19999694824219,29.299999237060547
$GPGGA,17:14:27+00:00,,,,80.19999694824219,29.299999237060547
$GPGGA,17:14:28+00:00,,,,80.19999694824219,29.299999237060547
$GPGGA,17:14:29+00:00,,,,80.19999694824219,29.299999237060547
$GPGGA,17:14:30+00:00,,,,80.19999694824219,29.299999237060547
$GPGGA,17:14:31+00:00,,,,80.19999694824219,29.299999237060547
$GPGGA,17:14:32+00:00,,,,80.19999694824219,29.299999237060547
$GPGGA,17:14:33+00:00,,,,80.19999694824219,29.299999237060547
$GPGGA,17:14:34+00:00,,,,80.19999694824219,29.299999237060547
$GPGGA,17:14:35+00:00,,,,80.19999694824219,29.299999237060547
$GPGGA,17:14:36+00:00,,,,80.19999694824219,29.299999237060547
$GPGGA,17:14:37+00:00,,,,80.19999694824219,29.299999237060547
$GPGGA,17:14:38+00:00,,,,80.19999694824219,29.299999237060547
$GPGGA,17:14:39+00:00,,,,80.19999694824219,29.299999237060547
$GPGGA,17:14:40+00:00,,,,80.0999984741211,29.299999237060547
$GPGGA,17:14:41+00:00,,,,80.0999984741211,29.299999237060547
$GPGGA,17:14:42+00:00,,,,80.0999984741211,29.299999237060547
$GPGGA,17:14:43+00:00,,,,80.0999984741211,29.299999237060547
$GPGGA,17:14:44+00:00,,,,80.0999984741211,29.299999237060547
$GPGGA,17:14:45+00:00,,,,80.0,29.399999618530273
$GPGGA,17:14:46+00:00,,,,80.0,29.399999618530273
$GPGGA,17:14:47+00:00,,,,80.0,29.399999618530273
$GPGGA,17:14:48+00:00,,,,80.0,29.399999618530273
$GPGGA,17:14:49+00:00,,,,80.0,29.399999618530273
$GPGGA,17:14:50+00:00,,,,79.9000015258789,29.399999618530273
$GPGGA,17:14:51+00:00,,,,79.9000015258789,29.399999618530273
$GPGGA,17:14:52+00:00,,,,79.9000015258789,29.399999618530273
$GPGGA,17:14:53+00:00,,,,79.9000015258789,29.399999618530273
$GPGGA,17:14:54+00:00,,,,79.9000015258789,29.399999618530273
$GPGGA,17:14:55+00:00,,,,79.80000305175781,29.399999618530273
$GPGGA,17:14:56+00:00,,,,79.80000305175781,29.399999618530273
$GPGGA,17:14:57+00:00,,,,79.80000305175781,29.399999618530273
$GPGGA,17:14:58+00:00,,,,79.80000305175781,29.399999618530273
$GPGGA,17:14:59+00:00,,,,79.80000305175781,29.399999618530273
$GPGGA,17:15:00+00:00,,,,79.5999984741211,29.399999618530273
$GPGGA,17:15:01+00:00,,,,79.5999984741211,29.399999618530273
$GPGGA,17:15:02+00:00,,,,79.5999984741211,29.399999618530273
$GPGGA,17:15:03+00:00,,,,79.5999984741211,29.399999618530273
$GPGGA,17:15:04+00:00,,,,79.5999984741211,29.399999618530273
$GPGGA,17:15:05+00:00,,,,79.5999984741211,29.399999618530273
$GPGGA,17:15:06+00:00,,,,79.5999984741211,29.399999618530273
$GPGGA,17:15:07+00:00,,,,79.5999984741211,29.399999618530273
$GPGGA,17:15:08+00:00,,,,79.5999984741211,29.399999618530273
$GPGGA,17:15:09+00:00,,,,79.5999984741211,29.399999618530273
$GPGGA,17:15:10+00:00,,,,79.69999694824219,29.399999618530273
$GPGGA,17:15:11+00:00,,,,79.69999694824219,29.399999618530273
$GPGGA,17:15:12+00:00,,,,79.69999694824219,29.399999618530273
$GPGGA,17:15:13+00:00,,,,79.69999694824219,29.399999618530273
$GPGGA,17:15:14+00:00,,,,79.69999694824219,29.399999618530273
$GPGGA,17:15:15+00:00,,,,79.69999694824219,29.5
$GPGGA,17:15:16+00:00,,,,79.69999694824219,29.5
$GPGGA,17:15:17+00:00,,,,79.69999694824219,29.5
$GPGGA,17:15:18+00:00,,,,79.69999694824219,29.5
$GPGGA,17:15:19+00:00,,,,79.69999694824219,29.5
$GPGGA,17:15:20+00:00,,,,79.5999984741211,29.5
$GPGGA,17:15:21+00:00,,,,79.5999984741211,29.5
$GPGGA,17:15:22+00:00,,,,79.5999984741211,29.5
$GPGGA,17:15:23+00:00,,,,79.5999984741211,29.5
$GPGGA,17:15:24+00:00,,,,79.5999984741211,29.5
$GPGGA,17:15:25+00:00,,,,79.5,29.5
$GPGGA,17:15:26+00:00,,,,79.5,29.5
$GPGGA,17:15:27+00:00,,,,79.5,29.5
$GPGGA,17:15:28+00:00,,,,79.5,29.5
$GPGGA,17:15:29+00:00,,,,79.5,29.5
$GPGGA,17:15:30+00:00,,,,79.4000015258789,29.5
$GPGGA,17:15:31+00:00,,,,79.4000015258789,29.5
$GPGGA,17:15:32+00:00,,,,79.4000015258789,29.5
$GPGGA,17:15:33+00:00,,,,79.4000015258789,29.5
$GPGGA,17:15:34+00:00,,,,79.4000015258789,29.5
$GPGGA,17:15:35+00:00,,,,79.30000305175781,29.5
$GPGGA,17:15:36+00:00,,,,79.30000305175781,29.5
$GPGGA,17:15:37+00:00,,,,79.30000305175781,29.5
$GPGGA,17:15:38+00:00,,,,79.30000305175781,29.5
$GPGGA,17:15:39+00:00,,,,79.30000305175781,29.5
$GPGGA,17:15:40+00:00,,,,79.19999694824219,29.5
$GPGGA,17:15:41+00:00,,,,79.19999694824219,29.5
$GPGGA,17:15:42+00:00,,,,79.19999694824219,29.5
$GPGGA,17:15:43+00:00,,,,79.19999694824219,29.5
$GPGGA,17:15:44+00:00,,,,79.19999694824219,29.5
$GPGGA,17:15:45+00:00,,,,79.0999984741211,29.600000381469727
$GPGGA,17:15:46+00:00,,,,79.0999984741211,29.600000381469727
$GPGGA,17:15:47+00:00,,,,79.0999984741211,29.600000381469727
$GPGGA,17:15:48+00:00,,,,79.0999984741211,29.600000381469727
$GPGGA,17:15:49+00:00,,,,79.0999984741211,29.600000381469727
$GPGGA,17:15:50+00:00,,,,79.0,29.600000381469727
$GPGGA,17:15:51+00:00,,,,79.0,29.600000381469727
$GPGGA,17:15:52+00:00,,,,79.0,29.600000381469727
$GPGGA,17:15:53+00:00,,,,79.0,29.600000381469727
$GPGGA,17:15:54+00:00,,,,79.0,29.600000381469727
$GPGGA,17:15:55+00:00,,,,78.9000015258789,29.600000381469727
$GPGGA,17:15:56+00:00,,,,78.9000015258789,29.600000381469727
$GPGGA,17:15:57+00:00,,,,78.9000015258789,29.600000381469727
$GPGGA,17:15:58+00:00,,,,78.9000015258789,29.600000381469727
$GPGGA,17:15:59+00:00,,,,78.9000015258789,29.600000381469727
$GPGGA,17:16:00+00:00,,,,78.80000305175781,29.600000381469727
$GPGGA,17:16:01+00:00,,,,78.80000305175781,29.600000381469727
$GPGGA,17:16:02+00:00,,,,78.80000305175781,29.600000381469727
$GPGGA,17:16:03+00:00,,,,78.80000305175781,29.600000381469727
$GPGGA,17:16:04+00:00,,,,78.80000305175781,29.600000381469727
$GPGGA,17:16:05+00:00,,,,78.69999694824219,29.600000381469727
$GPGGA,17:16:06+00:00,,,,78.69999694824219,29.600000381469727
$GPGGA,17:16:07+00:00,,,,78.69999694824219,29.600000381469727
$GPGGA,17:16:08+00:00,,,,78.69999694824219,29.600000381469727
$GPGGA,17:16:09+00:00,,,,78.69999694824219,29.600000381469727
$GPGGA,17:16:10+00:00,,,,78.5999984741211,29.600000381469727
$GPGGA,17:16:11+00:00,,,,78.5999984741211,29.600000381469727
$GPGGA,17:16:12+00:00,,,,78.5999984741211,29.600000381469727
$GPGGA,17:16:13+00:00,,,,78.5999984741211,29.600000381469727
$GPGGA,17:16:14+00:00,,,,78.5999984741211,29.600000381469727
$GPGGA,17:16:15+00:00,,,,78.5999984741211,29.600000381469727
$GPGGA,17:16:16+00:00,,,,78.5999984741211,29.600000381469727
$GPGGA,17:16:17+00:00,,,,78.5999984741211,29.600000381469727
$GPGGA,17:16:18+00:00,,,,78.5999984741211,29.600000381469727
$GPGGA,17:16:19+00:00,,,,78.5999984741211,29.600000381469727
$GPGGA,17:16:20+00:00,,,,78.5999984741211,29.700000762939453
$GPGGA,17:16:21+00:00,,,,78.5999984741211,29.700000762939453
$GPGGA,17:16:22+00:00,,,,78.5999984741211,29.700000762939453
$GPGGA,17:16:23+00:00,,,,78.5999984741211,29.700000762939453
$GPGGA,17:16:24+00:00,,,,78.5999984741211,29.700000762939453
$GPGGA,17:16:25+00:00,,,,78.5,29.700000762939453
$GPGGA,17:16:26+00:00,,,,78.5,29.700000762939453
$GPGGA,17:16:27+00:00,,,,78.5,29.700000762939453
$GPGGA,17:16:28+00:00,,,,78.5,29.700000762939453
$GPGGA,17:16:29+00:00,,,,78.5,29.700000762939453
$GPGGA,17:16:30+00:00,,,,78.4000015258789,29.700000762939453
$GPGGA,17:16:31+00:00,,,,78.4000015258789,29.700000762939453
$GPGGA,17:16:32+00:00,,,,78.4000015258789,29.700000762939453
$GPGGA,17:16:33+00:00,,,,78.4000015258789,29.700000762939453
$GPGGA,17:16:34+00:00,,,,78.4000015258789,29.700000762939453
$GPGGA,17:16:35+00:00,,,,78.30000305175781,29.700000762939453
$GPGGA,17:16:36+00:00,,,,78.30000305175781,29.700000762939453
$GPGGA,17:16:37+00:00,,,,78.30000305175781,29.700000762939453
$GPGGA,17:16:38+00:00,,,,78.30000305175781,29.700000762939453
$GPGGA,17:16:39+00:00,,,,78.30000305175781,29.700000762939453
$GPGGA,17:16:40+00:00,,,,78.19999694824219,29.799999237060547
$GPGGA,17:16:41+00:00,,,,78.19999694824219,29.799999237060547
$GPGGA,17:16:42+00:00,,,,78.19999694824219,29.799999237060547
$GPGGA,17:16:43+00:00,,,,78.19999694824219,29.799999237060547
$GPGGA,17:16:44+00:00,,,,78.19999694824219,29.799999237060547
$GPGGA,17:16:45+00:00,,,,78.0999984741211,29.799999237060547
$GPGGA,17:16:46+00:00,,,,78.0999984741211,29.799999237060547
$GPGGA,17:16:47+00:00,,,,78.0999984741211,29.799999237060547
$GPGGA,17:16:48+00:00,,,,78.0999984741211,29.799999237060547
$GPGGA,17:16:49+00:00,,,,78.0999984741211,29.799999237060547
$GPGGA,17:16:50+00:00,,,,78.0,29.799999237060547
$GPGGA,17:16:51+00:00,,,,78.0,29.799999237060547
$GPGGA,17:16:52+00:00,,,,78.0,29.799999237060547
$GPGGA,17:16:53+00:00,,,,78.0,29.799999237060547
$GPGGA,17:16:54+00:00,,,,78.0,29.799999237060547
$GPGGA,17:16:55+00:00,,,,77.9000015258789,29.799999237060547
$GPGGA,17:16:56+00:00,,,,77.9000015258789,29.799999237060547
$GPGGA,17:16:57+00:00,,,,77.9000015258789,29.799999237060547
$GPGGA,17:16:58+00:00,,,,77.9000015258789,29.799999237060547
$GPGGA,17:16:59+00:00,,,,77.9000015258789,29.799999237060547
$GPGGA,17:17:00+00:00,,,,77.9000015258789,29.799999237060547
$GPGGA,17:17:01+00:00,,,,77.9000015258789,29.799999237060547
$GPGGA,17:17:02+00:00,,,,77.9000015258789,29.799999237060547
$GPGGA,17:17:03+00:00,,,,77.9000015258789,29.799999237060547
$GPGGA,17:17:04+00:00,,,,77.9000015258789,29.799999237060547
$GPGGA,17:17:05+00:00,,,,77.9000015258789,29.899999618530273
$GPGGA,17:17:06+00:00,,,,77.9000015258789,29.899999618530273
$GPGGA,17:17:07+00:00,,,,77.9000015258789,29.899999618530273
$GPGGA,17:17:08+00:00,,,,77.9000015258789,29.899999618530273
$GPGGA,17:17:09+00:00,,,,77.9000015258789,29.899999618530273
$GPGGA,17:17:10+00:00,,,,77.80000305175781,29.899999618530273
$GPGGA,17:17:11+00:00,,,,77.80000305175781,29.899999618530273
$GPGGA,17:17:12+00:00,,,,77.80000305175781,29.899999618530273
$GPGGA,17:17:13+00:00,,,,77.80000305175781,29.899999618530273
$GPGGA,17:17:14+00:00,,,,77.80000305175781,29.899999618530273
$GPGGA,17:17:15+00:00,,,,77.69999694824219,29.899999618530273
$GPGGA,17:17:16+00:00,,,,77.69999694824219,29.899999618530273
$GPGGA,17:17:17+00:00,,,,77.69999694824219,29.899999618530273
$GPGGA,17:17:18+00:00,,,,77.69999694824219,29.899999618530273
$GPGGA,17:17:19+00:00,,,,77.69999694824219,29.899999618530273
$GPGGA,17:17:20+00:00,,,,77.5999984741211,29.899999618530273
$GPGGA,17:17:21+00:00,,,,77.5999984741211,29.899999618530273
$GPGGA,17:17:22+00:00,,,,77.5999984741211,29.899999618530273
$GPGGA,17:17:23+00:00,,,,77.5999984741211,29.899999618530273
$GPGGA,17:17:24+00:00,,,,77.5999984741211,29.899999618530273
$GPGGA,17:17:25+00:00,,,,77.5,29.899999618530273
$GPGGA,17:17:26+00:00,,,,77.5,29.899999618530273
$GPGGA,17:17:27+00:00,,,,77.5,29.899999618530273
$GPGGA,17:17:28+00:00,,,,77.5,29.899999618530273
$GPGGA,17:17:29+00:00,,,,77.5,29.899999618530273
$GPGGA,17:17:30+00:00,,,,77.4000015258789,29.899999618530273
$GPGGA,17:17:31+00:00,,,,77.4000015258789,29.899999618530273
$GPGGA,17:17:32+00:00,,,,77.4000015258789,29.899999618530273
$GPGGA,17:17:33+00:00,,,,77.4000015258789,29.899999618530273
$GPGGA,17:17:34+00:00,,,,77.4000015258789,29.899999618530273
$GPGGA,17:17:35+00:00,,,,77.30000305175781,30.0
$GPGGA,17:17:36+00:00,,,,77.30000305175781,30.0
$GPGGA,17:17:37+00:00,,,,77.30000305175781,30.0
$GPGGA,17:17:38+00:00,,,,77.30000305175781,30.0
$GPGGA,17:17:39+00:00,,,,77.30000305175781,30.0
$GPGGA,17:17:40+00:00,,,,77.30000305175781,30.0
$GPGGA,17:17:41+00:00,,,,77.30000305175781,30.0
$GPGGA,17:17:42+00:00,,,,77.30000305175781,30.0
$GPGGA,17:17:43+00:00,,,,77.30000305175781,30.0
$GPGGA,17:17:44+00:00,,,,77.30000305175781,30.0
$GPGGA,17:17:45+00:00,,,,77.19999694824219,29.899999618530273
$GPGGA,17:17:46+00:00,,,,77.19999694824219,29.899999618530273
$GPGGA,17:17:47+00:00,,,,77.19999694824219,29.899999618530273
$GPGGA,17:17:48+00:00,,,,77.19999694824219,29.899999618530273
$GPGGA,17:17:49+00:00,,,,77.19999694824219,29.899999618530273
$GPGGA,17:17:50+00:00,,,,77.0999984741211,29.899999618530273
$GPGGA,17:17:51+00:00,,,,77.0999984741211,29.899999618530273
$GPGGA,17:17:52+00:00,,,,77.0999984741211,29.899999618530273
$GPGGA,17:17:53+00:00,,,,77.0999984741211,29.899999618530273
$GPGGA,17:17:54+00:00,,,,77.0999984741211,29.899999618530273
$GPGGA,17:17:55+00:00,,,,77.0999984741211,29.899999618530273
$GPGGA,17:17:56+00:00,,,,77.0999984741211,29.899999618530273
$GPGGA,17:17:57+00:00,,,,77.0999984741211,29.899999618530273
$GPGGA,17:17:58+00:00,,,,77.0999984741211,29.899999618530273
$GPGGA,17:17:59+00:00,,,,77.0999984741211,29.899999618530273
$GPGGA,17:18:00+00:00,,,,77.0,29.899999618530273
$GPGGA,17:18:01+00:00,,,,77.0,29.899999618530273
$GPGGA,17:18:02+00:00,,,,77.0,29.899999618530273
$GPGGA,17:18:03+00:00,,,,77.0,29.899999618530273
$GPGGA,17:18:04+00:00,,,,77.0,29.899999618530273
$GPGGA,17:18:05+00:00,,,,77.0,30.0
$GPGGA,17:18:06+00:00,,,,77.0,30.0
$GPGGA,17:18:07+00:00,,,,77.0,30.0
$GPGGA,17:18:08+00:00,,,,77.0,30.0
$GPGGA,17:18:09+00:00,,,,77.0,30.0
$GPGGA,17:18:10+00:00,,,,77.0999984741211,29.899999618530273
$GPGGA,17:18:11+00:00,,,,77.0999984741211,29.899999618530273
$GPGGA,17:18:12+00:00,,,,77.0999984741211,29.899999618530273
$GPGGA,17:18:13+00:00,,,,77.0999984741211,29.899999618530273
$GPGGA,17:18:14+00:00,,,,77.0999984741211,29.899999618530273
$GPGGA,17:18:15+00:00,,,,77.30000305175781,29.899999618530273
$GPGGA,17:18:16+00:00,,,,77.30000305175781,29.899999618530273
$GPGGA,17:18:17+00:00,,,,77.30000305175781,29.899999618530273
$GPGGA,17:18:18+00:00,,,,77.30000305175781,29.899999618530273
$GPGGA,17:18:19+00:00,,,,77.30000305175781,29.899999618530273
$GPGGA,17:18:20+00:00,,,,77.4000015258789,30.0
$GPGGA,17:18:21+00:00,,,,77.4000015258789,30.0
$GPGGA,17:18:22+00:00,,,,77.4000015258789,30.0
$GPGGA,17:18:23+00:00,,,,77.4000015258789,30.0
$GPGGA,17:18:24+00:00,,,,77.4000015258789,30.0
$GPGGA,17:18:25+00:00,,,,77.5,30.0
$GPGGA,17:18:26+00:00,,,,77.5,30.0
$GPGGA,17:18:27+00:00,,,,77.5,30.0
$GPGGA,17:18:28+00:00,,,,77.5,30.0
$GPGGA,17:18:29+00:00,,,,77.5,30.0
$GPGGA,17:18:30+00:00,,,,77.69999694824219,30.0
$GPGGA,17:18:31+00:00,,,,77.69999694824219,30.0
$GPGGA,17:18:32+00:00,,,,77.69999694824219,30.0
$GPGGA,17:18:33+00:00,,,,77.69999694824219,30.0
$GPGGA,17:18:34+00:00,,,,77.69999694824219,30.0
$GPGGA,17:18:35+00:00,,,,77.80000305175781,30.0
$GPGGA,17:18:36+00:00,,,,77.80000305175781,30.0
$GPGGA,17:18:37+00:00,,,,77.80000305175781,30.0
$GPGGA,17:18:38+00:00,,,,77.80000305175781,30.0
$GPGGA,17:18:39+00:00,,,,77.80000305175781,30.0
$GPGGA,17:18:40+00:00,,,,77.80000305175781,30.100000381469727
$GPGGA,17:18:41+00:00,,,,77.80000305175781,30.100000381469727
$GPGGA,17:18:42+00:00,,,,77.80000305175781,30.100000381469727
$GPGGA,17:18:43+00:00,,,,77.80000305175781,30.100000381469727
$GPGGA,17:18:44+00:00,,,,77.80000305175781,30.100000381469727
$GPGGA,17:18:45+00:00,,,,77.80000305175781,30.100000381469727
$GPGGA,17:18:46+00:00,,,,77.80000305175781,30.100000381469727
$GPGGA,17:18:47+00:00,,,,77.80000305175781,30.100000381469727
$GPGGA,17:18:48+00:00,,,,77.80000305175781,30.100000381469727
$GPGGA,17:18:49+00:00,,,,77.80000305175781,30.100000381469727
$GPGGA,17:18:50+00:00,,,,77.80000305175781,30.100000381469727
$GPGGA,17:18:51+00:00,,,,77.80000305175781,30.100000381469727
$GPGGA,17:18:52+00:00,,,,77.80000305175781,30.100000381469727
$GPGGA,17:18:53+00:00,,,,77.80000305175781,30.100000381469727
$GPGGA,17:18:54+00:00,,,,77.80000305175781,30.100000381469727
$GPGGA,17:18:55+00:00,,,,77.5999984741211,30.200000762939453
$GPGGA,17:18:56+00:00,,,,77.5999984741211,30.200000762939453
$GPGGA,17:18:57+00:00,,,,77.5999984741211,30.200000762939453
$GPGGA,17:18:58+00:00,,,,77.5999984741211,30.200000762939453
$GPGGA,17:18:59+00:00,,,,77.5999984741211,30.200000762939453
$GPGGA,17:19:00+00:00,,,,77.19999694824219,30.200000762939453
$GPGGA,17:19:01+00:00,,,,77.19999694824219,30.200000762939453
$GPGGA,17:19:02+00:00,,,,77.19999694824219,30.200000762939453
$GPGGA,17:19:03+00:00,,,,77.19999694824219,30.200000762939453
$GPGGA,17:19:04+00:00,,,,77.19999694824219,30.200000762939453
$GPGGA,17:19:05+00:00,,,,77.0,30.200000762939453
$GPGGA,17:19:06+00:00,,,,77.0,30.200000762939453
$GPGGA,17:19:07+00:00,,,,77.0,30.200000762939453
$GPGGA,17:19:08+00:00,,,,77.0,30.200000762939453
$GPGGA,17:19:09+00:00,,,,77.0,30.200000762939453
$GPGGA,17:19:10+00:00,,,,76.80000305175781,30.200000762939453
$GPGGA,17:19:11+00:00,,,,76.80000305175781,30.200000762939453
$GPGGA,17:19:12+00:00,,,,76.80000305175781,30.200000762939453
$GPGGA,17:19:13+00:00,,,,76.80000305175781,30.200000762939453
$GPGGA,17:19:14+00:00,,,,76.80000305175781,30.200000762939453
$GPGGA,17:19:15+00:00,,,,76.9000015258789,30.200000762939453
$GPGGA,17:19:16+00:00,,,,76.9000015258789,30.200000762939453
$GPGGA,17:19:17+00:00,,,,76.9000015258789,30.200000762939453
$GPGGA,17:19:18+00:00,,,,76.9000015258789,30.200000762939453
$GPGGA,17:19:19+00:00,,,,76.9000015258789,30.200000762939453
$GPGGA,17:19:20+00:00,,,,76.80000305175781,30.200000762939453
$GPGGA,17:19:21+00:00,,,,76.80000305175781,30.200000762939453
$GPGGA,17:19:22+00:00,,,,76.80000305175781,30.200000762939453
$GPGGA,17:19:23+00:00,,,,76.80000305175781,30.200000762939453
$GPGGA,17:19:24+00:00,,,,76.80000305175781,30.200000762939453
$GPGGA,17:19:25+00:00,,,,76.69999694824219,30.299999237060547
$GPGGA,17:19:26+00:00,,,,76.69999694824219,30.299999237060547
$GPGGA,17:19:27+00:00,,,,76.69999694824219,30.299999237060547
$GPGGA,17:19:28+00:00,,,,76.69999694824219,30.299999237060547
$GPGGA,17:19:29+00:00,,,,76.69999694824219,30.299999237060547
$GPGGA,17:19:30+00:00,,,,76.5999984741211,30.299999237060547
$GPGGA,17:19:31+00:00,,,,76.5999984741211,30.299999237060547
$GPGGA,17:19:32+00:00,,,,76.5999984741211,30.299999237060547
$GPGGA,17:19:33+00:00,,,,76.5999984741211,30.299999237060547
$GPGGA,17:19:34+00:00,,,,76.5999984741211,30.299999237060547
$GPGGA,17:19:35+00:00,,,,76.4000015258789,30.200000762939453
$GPGGA,17:19:36+00:00,,,,76.4000015258789,30.200000762939453
$GPGGA,17:19:37+00:00,,,,76.4000015258789,30.200000762939453
$GPGGA,17:19:38+00:00,,,,76.4000015258789,30.200000762939453
$GPGGA,17:19:39+00:00,,,,76.4000015258789,30.200000762939453
$GPGGA,17:19:40+00:00,,,,76.4000015258789,30.200000762939453
$GPGGA,17:19:41+00:00,,,,76.4000015258789,30.200000762939453
$GPGGA,17:19:42+00:00,,,,76.4000015258789,30.200000762939453
$GPGGA,17:19:43+00:00,,,,76.4000015258789,30.200000762939453
$GPGGA,17:19:44+00:00,,,,76.4000015258789,30.200000762939453
$GPGGA,17:19:45+00:00,,,,76.19999694824219,30.200000762939453
$GPGGA,17:19:46+00:00,,,,76.19999694824219,30.200000762939453
$GPGGA,17:19:47+00:00,,,,76.19999694824219,30.200000762939453
$GPGGA,17:19:48+00:00,,,,76.19999694824219,30.200000762939453
$GPGGA,17:19:49+00:00,,,,76.19999694824219,30.200000762939453
$GPGGA,17:19:50+00:00,,,,76.19999694824219,30.200000762939453
$GPGGA,17:19:51+00:00,,,,76.19999694824219,30.200000762939453
$GPGGA,17:19:52+00:00,,,,76.19999694824219,30.200000762939453
$GPGGA,17:19:53+00:00,,,,76.19999694824219,30.200000762939453
$GPGGA,17:19:54+00:00,,,,76.19999694824219,30.200000762939453
$GPGGA,17:19:55+00:00,,,,76.30000305175781,30.200000762939453
$GPGGA,17:19:56+00:00,,,,76.30000305175781,30.200000762939453
$GPGGA,17:19:57+00:00,,,,76.30000305175781,30.200000762939453
$GPGGA,17:19:58+00:00,,,,76.30000305175781,30.200000762939453
$GPGGA,17:19:59+00:00,,,,76.30000305175781,30.200000762939453
$GPGGA,17:20:00+00:00,,,,76.30000305175781,30.200000762939453
$GPGGA,17:20:01+00:00,,,,76.30000305175781,30.200000762939453
$GPGGA,17:20:02+00:00,,,,76.30000305175781,30.200000762939453
$GPGGA,17:20:03+00:00,,,,76.30000305175781,30.200000762939453
$GPGGA,17:20:04+00:00,,,,76.30000305175781,30.200000762939453
$GPGGA,17:20:05+00:00,,,,76.4000015258789,30.200000762939453
$GPGGA,17:20:06+00:00,,,,76.4000015258789,30.200000762939453
$GPGGA,17:20:07+00:00,,,,76.4000015258789,30.200000762939453
$GPGGA,17:20:08+00:00,,,,76.4000015258789,30.200000762939453
$GPGGA,17:20:09+00:00,,,,76.4000015258789,30.200000762939453
$GPGGA,17:20:10+00:00,,,,76.4000015258789,30.100000381469727
$GPGGA,17:20:11+00:00,,,,76.4000015258789,30.100000381469727
$GPGGA,17:20:12+00:00,,,,76.4000015258789,30.100000381469727
$GPGGA,17:20:13+00:00,,,,76.4000015258789,30.100000381469727
$GPGGA,17:20:14+00:00,,,,76.4000015258789,30.100000381469727
$GPGGA,17:20:15+00:00,,,,76.5,30.200000762939453
$GPGGA,17:20:16+00:00,,,,76.5,30.200000762939453
$GPGGA,17:20:17+00:00,,,,76.5,30.200000762939453
$GPGGA,17:20:18+00:00,,,,76.5,30.200000762939453
$GPGGA,17:20:19+00:00,,,,76.5,30.200000762939453
$GPGGA,17:20:20+00:00,,,,76.5999984741211,30.100000381469727
$GPGGA,17:20:21+00:00,,,,76.5999984741211,30.100000381469727
$GPGGA,17:20:22+00:00,,,,76.5999984741211,30.100000381469727
$GPGGA,17:20:23+00:00,,,,76.5999984741211,30.100000381469727
$GPGGA,17:20:24+00:00,,,,76.5999984741211,30.100000381469727
$GPGGA,17:20:25+00:00,,,,76.9000015258789,30.100000381469727
$GPGGA,17:20:26+00:00,,,,76.9000015258789,30.100000381469727
$GPGGA,17:20:27+00:00,,,,76.9000015258789,30.100000381469727
$GPGGA,17:20:28+00:00,,,,76.9000015258789,30.100000381469727
$GPGGA,17:20:29+00:00,,,,76.9000015258789,30.100000381469727
$GPGGA,17:20:30+00:00,,,,76.9000015258789,30.100000381469727
$GPGGA,17:20:31+00:00,,,,76.9000015258789,30.100000381469727
$GPGGA,17:20:32+00:00,,,,76.9000015258789,30.100000381469727
$GPGGA,17:20:33+00:00,,,,76.9000015258789,30.100000381469727
$GPGGA,17:20:34+00:00,,,,76.9000015258789,30.100000381469727
$GPGGA,17:20:35+00:00,,,,77.0,30.100000381469727
$GPGGA,17:20:36+00:00,,,,77.0,30.100000381469727
$GPGGA,17:20:37+00:00,,,,77.0,30.100000381469727
$GPGGA,17:20:38+00:00,,,,77.0,30.100000381469727
$GPGGA,17:20:39+00:00,,,,77.0,30.100000381469727
$GPGGA,17:20:40+00:00,,,,77.0,30.100000381469727
$GPGGA,17:20:41+00:00,,,,77.0,30.100000381469727
$GPGGA,17:20:42+00:00,,,,77.0,30.100000381469727
$GPGGA,17:20:43+00:00,,,,77.0,30.100000381469727
$GPGGA,17:20:44+00:00,,,,77.0,30.100000381469727
$GPGGA,17:20:45+00:00,,,,77.80000305175781,30.100000381469727
$GPGGA,17:20:46+00:00,,,,77.80000305175781,30.100000381469727
$GPGGA,17:20:47+00:00,,,,77.80000305175781,30.100000381469727
$GPGGA,17:20:48+00:00,,,,77.80000305175781,30.100000381469727
$GPGGA,17:20:49+00:00,,,,77.80000305175781,30.100000381469727
$GPGGA,17:20:50+00:00,,,,77.80000305175781,30.100000381469727
$GPGGA,17:20:51+00:00,,,,77.80000305175781,30.100000381469727
$GPGGA,17:20:52+00:00,,,,77.80000305175781,30.100000381469727
$GPGGA,17:20:53+00:00,,,,77.80000305175781,30.100000381469727
$GPGGA,17:20:54+00:00,,,,77.80000305175781,30.100000381469727
$GPGGA,17:20:55+00:00,,,,77.80000305175781,30.100000381469727
$GPGGA,17:20:56+00:00,,,,77.80000305175781,30.100000381469727
$GPGGA,17:20:57+00:00,,,,77.80000305175781,30.100000381469727
$GPGGA,17:20:58+00:00,,,,77.80000305175781,30.100000381469727
$GPGGA,17:20:59+00:00,,,,77.80000305175781,30.100000381469727
$GPGGA,17:21:00+00:00,,,,77.80000305175781,30.200000762939453
$GPGGA,17:21:01+00:00,,,,77.80000305175781,30.200000762939453
$GPGGA,17:21:02+00:00,,,,77.80000305175781,30.200000762939453
$GPGGA,17:21:03+00:00,,,,77.80000305175781,30.200000762939453
$GPGGA,17:21:04+00:00,,,,77.80000305175781,30.200000762939453
$GPGGA,17:21:05+00:00,,,,77.80000305175781,30.200000762939453
$GPGGA,17:21:06+00:00,,,,77.80000305175781,30.200000762939453
$GPGGA,17:21:07+00:00,,,,77.80000305175781,30.200000762939453
$GPGGA,17:21:08+00:00,,,,77.80000305175781,30.200000762939453
$GPGGA,17:21:09+00:00,,,,77.80000305175781,30.200000762939453
$GPGGA,17:21:10+00:00,,,,77.80000305175781,30.200000762939453
$GPGGA,17:21:11+00:00,,,,77.80000305175781,30.200000762939453
$GPGGA,17:21:12+00:00,,,,77.80000305175781,30.200000762939453
$GPGGA,17:21:13+00:00,,,,77.80000305175781,30.200000762939453
$GPGGA,17:21:14+00:00,,,,77.80000305175781,30.200000762939453
$GPGGA,17:21:15+00:00,,,,77.80000305175781,30.200000762939453
$GPGGA,17:21:16+00:00,,,,77.80000305175781,30.200000762939453
$GPGGA,17:21:17+00:00,,,,77.80000305175781,30.200000762939453
$GPGGA,17:21:18+00:00,,,,77.80000305175781,30.200000762939453
$GPGGA,17:21:19+00:00,,,,77.80000305175781,30.200000762939453
$GPGGA,17:21:20+00:00,,,,77.69999694824219,30.299999237060547
$GPGGA,17:21:21+00:00,,,,77.69999694824219,30.299999237060547
$GPGGA,17:21:22+00:00,,,,77.69999694824219,30.299999237060547
$GPGGA,17:21:23+00:00,,,,77.69999694824219,30.299999237060547
$GPGGA,17:21:24+00:00,,,,77.69999694824219,30.299999237060547
$GPGGA,17:21:25+00:00,,,,77.69999694824219,30.299999237060547
$GPGGA,17:21:26+00:00,,,,77.69999694824219,30.299999237060547
$GPGGA,17:21:27+00:00,,,,77.69999694824219,30.299999237060547
$GPGGA,17:21:28+00:00,,,,77.69999694824219,30.299999237060547
$GPGGA,17:21:29+00:00,,,,77.69999694824219,30.299999237060547
$GPGGA,17:21:30+00:00,,,,77.69999694824219,30.299999237060547
$GPGGA,17:21:31+00:00,,,,77.69999694824219,30.299999237060547
$GPGGA,17:21:32+00:00,,,,77.69999694824219,30.299999237060547
$GPGGA,17:21:33+00:00,,,,77.69999694824219,30.299999237060547
$GPGGA,17:21:34+00:00,,,,77.69999694824219,30.299999237060547
$GPGGA,17:21:35+00:00,,,,77.69999694824219,30.299999237060547
$GPGGA,17:21:36+00:00,,,,77.69999694824219,30.299999237060547
$GPGGA,17:21:37+00:00,,,,77.69999694824219,30.299999237060547
$GPGGA,17:21:38+00:00,,,,77.69999694824219,30.299999237060547
$GPGGA,17:21:39+00:00,,,,77.69999694824219,30.299999237060547
$GPGGA,17:21:40+00:00,,,,77.69999694824219,30.299999237060547
$GPGGA,17:21:41+00:00,,,,77.69999694824219,30.299999237060547
$GPGGA,17:21:42+00:00,,,,77.69999694824219,30.299999237060547
$GPGGA,17:21:43+00:00,,,,77.69999694824219,30.299999237060547
$GPGGA,17:21:44+00:00,,,,77.69999694824219,30.299999237060547
$GPGGA,17:21:45+00:00,,,,77.69999694824219,30.399999618530273
$GPGGA,17:21:46+00:00,,,,77.69999694824219,30.399999618530273
$GPGGA,17:21:47+00:00,,,,77.69999694824219,30.399999618530273
$GPGGA,17:21:48+00:00,,,,77.69999694824219,30.399999618530273
$GPGGA,17:21:49+00:00,,,,77.69999694824219,30.399999618530273
$GPGGA,17:21:50+00:00,,,,77.5999984741211,30.399999618530273
$GPGGA,17:21:51+00:00,,,,77.5999984741211,30.399999618530273
$GPGGA,17:21:52+00:00,,,,77.5999984741211,30.399999618530273
$GPGGA,17:21:53+00:00,,,,77.5999984741211,30.399999618530273
$GPGGA,17:21:54+00:00,,,,77.5999984741211,30.399999618530273
$GPGGA,17:21:55+00:00,,,,77.5999984741211,30.399999618530273
$GPGGA,17:21:56+00:00,,,,77.5999984741211,30.399999618530273
$GPGGA,17:21:57+00:00,,,,77.5999984741211,30.399999618530273
$GPGGA,17:21:58+00:00,,,,77.5999984741211,30.399999618530273
$GPGGA,17:21:59+00:00,,,,77.5999984741211,30.399999618530273
$GPGGA,17:22:00+00:00,,,,77.9000015258789,30.399999618530273
$GPGGA,17:22:01+00:00,,,,77.9000015258789,30.399999618530273
$GPGGA,17:22:02+00:00,,,,77.9000015258789,30.399999618530273
$GPGGA,17:22:03+00:00,,,,77.9000015258789,30.399999618530273
$GPGGA,17:22:04+00:00,,,,77.9000015258789,30.399999618530273
$GPGGA,17:22:05+00:00,,,,78.0,30.399999618530273
$GPGGA,17:22:06+00:00,,,,78.0,30.399999618530273
$GPGGA,17:22:07+00:00,,,,78.0,30.399999618530273
$GPGGA,17:22:08+00:00,,,,78.0,30.399999618530273
$GPGGA,17:22:09+00:00,,,,78.0,30.399999618530273
$GPGGA,17:22:10+00:00,,,,78.0,30.5
$GPGGA,17:22:11+00:00,,,,78.0,30.5
$GPGGA,17:22:12+00:00,,,,78.0,30.5
$GPGGA,17:22:13+00:00,,,,78.0,30.5
$GPGGA,17:22:14+00:00,,,,78.0,30.5
$GPGGA,17:22:15+00:00,,,,78.0,30.5
$GPGGA,17:22:16+00:00,,,,78.0,30.5
$GPGGA,17:22:17+00:00,,,,78.0,30.5
$GPGGA,17:22:18+00:00,,,,78.0,30.5
$GPGGA,17:22:19+00:00,,,,78.0,30.5
$GPGGA,17:22:20+00:00,,,,77.80000305175781,30.5
$GPGGA,17:22:21+00:00,,,,77.80000305175781,30.5
$GPGGA,17:22:22+00:00,,,,77.80000305175781,30.5
$GPGGA,17:22:23+00:00,,,,77.80000305175781,30.5
$GPGGA,17:22:24+00:00,,,,77.80000305175781,30.5
$GPGGA,17:22:25+00:00,,,,77.69999694824219,30.600000381469727
$GPGGA,17:22:26+00:00,,,,77.69999694824219,30.600000381469727
$GPGGA,17:22:27+00:00,,,,77.69999694824219,30.600000381469727
$GPGGA,17:22:28+00:00,,,,77.69999694824219,30.600000381469727
$GPGGA,17:22:29+00:00,,,,77.69999694824219,30.600000381469727
$GPGGA,17:22:30+00:00,,,,77.69999694824219,30.600000381469727
$GPGGA,17:22:31+00:00,,,,77.69999694824219,30.600000381469727
$GPGGA,17:22:32+00:00,,,,77.69999694824219,30.600000381469727
$GPGGA,17:22:33+00:00,,,,77.69999694824219,30.600000381469727
$GPGGA,17:22:34+00:00,,,,77.69999694824219,30.600000381469727
$GPGGA,17:22:35+00:00,,,,77.69999694824219,30.600000381469727
$GPGGA,17:22:36+00:00,,,,77.69999694824219,30.600000381469727
$GPGGA,17:22:37+00:00,,,,77.69999694824219,30.600000381469727
$GPGGA,17:22:38+00:00,,,,77.69999694824219,30.600000381469727
$GPGGA,17:22:39+00:00,,,,77.69999694824219,30.600000381469727
$GPGGA,17:22:40+00:00,,,,77.5999984741211,30.600000381469727
$GPGGA,17:22:41+00:00,,,,77.5999984741211,30.600000381469727
$GPGGA,17:22:42+00:00,,,,77.5999984741211,30.600000381469727
$GPGGA,17:22:43+00:00,,,,77.5999984741211,30.600000381469727
$GPGGA,17:22:44+00:00,,,,77.5999984741211,30.600000381469727
$GPGGA,17:22:45+00:00,,,,77.5,30.600000381469727
$GPGGA,17:22:46+00:00,,,,77.5,30.600000381469727
$GPGGA,17:22:47+00:00,,,,77.5,30.600000381469727
$GPGGA,17:22:48+00:00,,,,77.5,30.600000381469727
$GPGGA,17:22:49+00:00,,,,77.5,30.600000381469727
$GPGGA,17:22:50+00:00,,,,77.5,30.700000762939453
$GPGGA,17:22:51+00:00,,,,77.5,30.700000762939453
$GPGGA,17:22:52+00:00,,,,77.5,30.700000762939453
$GPGGA,17:22:53+00:00,,,,77.5,30.700000762939453
$GPGGA,17:22:54+00:00,,,,77.5,30.700000762939453
$GPGGA,17:22:55+00:00,,,,77.4000015258789,30.700000762939453
$GPGGA,17:22:56+00:00,,,,77.4000015258789,30.700000762939453
$GPGGA,17:22:57+00:00,,,,77.4000015258789,30.700000762939453
$GPGGA,17:22:58+00:00,,,,77.4000015258789,30.700000762939453
$GPGGA,17:22:59+00:00,,,,77.4000015258789,30.700000762939453
$GPGGA,17:23:00+00:00,,,,77.4000015258789,30.700000762939453
$GPGGA,17:23:01+00:00,,,,77.4000015258789,30.700000762939453
$GPGGA,17:23:02+00:00,,,,77.4000015258789,30.700000762939453
$GPGGA,17:23:03+00:00,,,,77.4000015258789,30.700000762939453
$GPGGA,17:23:04+00:00,,,,77.4000015258789,30.700000762939453
$GPGGA,17:23:05+00:00,,,,77.4000015258789,30.700000762939453
$GPGGA,17:23:06+00:00,,,,77.4000015258789,30.700000762939453
$GPGGA,17:23:07+00:00,,,,77.4000015258789,30.700000762939453
$GPGGA,17:23:08+00:00,,,,77.4000015258789,30.700000762939453
$GPGGA,17:23:09+00:00,,,,77.4000015258789,30.700000762939453
$GPGGA,17:23:10+00:00,,,,77.4000015258789,30.700000762939453
$GPGGA,17:23:11+00:00,,,,77.4000015258789,30.700000762939453
